orig.ident	nCount_RNA	nFeature_RNA	janski_annotations	percent.mt	RNA_snn_res.0.1	seurat_clusters	barcode
human_ad_medulla	2673.072106100031	1347	Neuroblasts	0.22453995110356334	1	1	AAACGCTGTCAAAGTA_1
human_ad_medulla	2563.069517000012	1226	Neuroblasts	0.0763590876883731	1	1	AAAGGATCAGATCACT_1
human_ad_medulla	2593.6770784000346	1254	Connecting progenitor cells	0	2	2	AAAGGATCAGCAGAAC_1
human_ad_medulla	3183.0505701999423	1871	Connecting progenitor cells	0.14112372395383696	2	2	AACAACCAGTCCTACA_1
human_ad_medulla	2718.732390000038	1391	Connecting progenitor cells	0.06546349712631977	2	2	AACAAGAAGGACTTCT_1
human_ad_medulla	3705.4328530999232	2811	SCPs	0.08209384222021872	3	3	AACAAGATCTGCGTCT_1
human_ad_medulla	3184.9669715999553	1899	Neuroblasts	0.17261952318576682	1	1	AACACACCAGTCTGGC_1
human_ad_medulla	3327.5885350999624	2200	SCPs	0.03832676385758998	3	3	AACCATGCAGTTGCGC_1
human_ad_medulla	2489.7150000000106	1192	Connecting progenitor cells	0.1571757891967548	2	2	AACCATGGTCGCACGT_1
human_ad_medulla	3592.9372793000953	2690	Connecting progenitor cells	0.08772388591804152	2	2	AACGTCACAACCACGC_1
human_ad_medulla	3580.8923792000296	2456	Connecting progenitor cells	0.11944066023440474	2	2	AACGTCACAGTGGCTC_1
human_ad_medulla	2904.49279660008	1610	Neuroblasts	0	1	1	AAGATAGGTGACTCGC_1
human_ad_medulla	3203.579784000059	2019	SCPs	0.041694260485443724	3	3	AAGCCATTCTGGCCAG_1
human_ad_medulla	3690.414135599829	3064	Connecting progenitor cells	0.025114493006605506	2	2	AAGTACCCACTTGTGA_1
human_ad_medulla	2819.156489300063	1508	SCPs	0.08149340090625484	3	3	AAGTCGTTCACGGACC_1
human_ad_medulla	3531.419680499936	2591	Connecting progenitor cells	0.0901240800569316	2	2	AAGTGAATCTGTCCGT_1
human_ad_medulla	2913.2060124999534	1613	Bridge	0.1889861230677413	2	2	AATCGACAGCAACTTC_1
human_ad_medulla	3049.3867219000854	1770	Bridge	0.05039664824940343	2	2	AATCGACCAATCTCGA_1
human_ad_medulla	3180.0454606000953	1827	Neuroblasts	0.048873801310585996	1	1	AATCGACCATTCACCC_1
human_ad_medulla	2997.586257199941	1687	Neuroblasts	0	1	1	AATCGTGAGGCTGGAT_1
human_ad_medulla	3386.300741699962	2082	Neuroblasts	0.11720823703353367	1	1	AATGACCCAGAGTAAT_1
human_ad_medulla	3960.5141631000583	3113	SCPs	0.13822629018740598	3	3	AATGGAATCAGGAAGC_1
human_ad_medulla	3066.726295400052	1919	Bridge	0.08867719966007742	2	2	AATGGAATCATCACAG_1
human_ad_medulla	2909.272526100062	1527	SCPs	0.05929332451753507	3	3	AATGGCTCAAGTGACG_1
human_ad_medulla	2420.562157500031	1095	Connecting progenitor cells	0.08551933250654288	1	1	AATGGCTGTCGGAACA_1
human_ad_medulla	3403.3798729999885	2213	Neuroblasts	0.14157747238931312	1	1	AATTCCTAGTTGAATG_1
human_ad_medulla	3000.471872999932	1671	Connecting progenitor cells	0.16172318239892094	2	2	ACAAAGACATTGACTG_1
human_ad_medulla	2603.3043664999645	1260	Connecting progenitor cells	0.24536670710493688	2	2	ACACAGTGTAGCGTAG_1
human_ad_medulla	3230.214317699904	2159	Bridge	0.18190032988844787	2	2	ACAGGGACAACCACGC_1
human_ad_medulla	3088.029686800004	1831	Connecting progenitor cells	0.09716981066686019	2	2	ACATGCAAGTTCCAGT_1
human_ad_medulla	3128.3558366000693	1850	Connecting progenitor cells	0	2	2	ACATGCAGTTCCATTT_1
human_ad_medulla	2922.383400300034	1632	Connecting progenitor cells	0.13044410940770548	2	2	ACCATTTCATGGAACG_1
human_ad_medulla	2956.8092924000034	1660	Connecting progenitor cells	0.2640493460321483	2	2	ACCCTTGTCGCCTTTG_1
human_ad_medulla	2836.947892099971	1581	Connecting progenitor cells	0.0569011261890007	2	2	ACCTGAAAGCAAATGT_1
human_ad_medulla	3331.0107955001	2308	Connecting progenitor cells	0.142449889577365	2	2	ACCTGTCAGTTGCTGT_1
human_ad_medulla	3487.985690100026	2435	Neuroblasts	0.06729431277949675	1	1	ACGATGTAGACATATG_1
human_ad_medulla	2294.1746488000167	1014	Bridge	0.18606704603909618	2	2	ACGGAAGGTCGCAACC_1
human_ad_medulla	2851.8190373000075	1585	SCPs	0.11224679259560086	3	3	ACGGGTCCAAGCCCAC_1
human_ad_medulla	3693.1516594000036	2667	Neuroblasts	0.030420732848607777	1	1	ACGGTTAAGCTCATAC_1
human_ad_medulla	2440.7720538000194	1100	SCPs	0.0852606533559772	3	3	ACGTAACTCGGTAAGG_1
human_ad_medulla	2467.9025577000125	1144	SCPs	0	3	3	ACGTACACAACCGTAT_1
human_ad_medulla	2372.7047111000047	1084	SCPs	0	3	3	ACGTCCTGTACTCGAT_1
human_ad_medulla	3154.8944955999764	2088	Bridge	0.15143937480836103	2	2	ACTATTCCACGTGAGA_1
human_ad_medulla	3114.2110519999533	1833	SCPs	0.14429518182828888	3	3	ACTCCCAAGCAGTCTT_1
human_ad_medulla	3851.8574984999395	3021	Bridge	0.06658028239618792	2	2	ACTCCCACAAACTGCT_1
human_ad_medulla	3501.940167500045	2451	Connecting progenitor cells	0.06620050854994998	2	2	ACTCTCGCATTGGCAT_1
human_ad_medulla	3423.160574599914	2511	Bridge	0.06452392027382915	2	2	ACTTAGGCAGCTACCG_1
human_ad_medulla	3583.7966837000927	2354	SCPs	0.14390172365122852	2	2	ACTTATCTCCTGGGAC_1
human_ad_medulla	2779.76280550001	1527	Connecting progenitor cells	0.05907798308368991	2	2	ACTTCGCGTATCATGC_1
human_ad_medulla	3404.7890062999813	2327	Connecting progenitor cells	0	2	2	ACTTCGCTCCCGTGTT_1
human_ad_medulla	3214.286872799936	1963	SCPs	0.043642448714543	3	3	ACTTTGTCATAATCCG_1
human_ad_medulla	3071.362744100078	1744	SCPs	0	3	3	ACTTTGTGTGCTCTTC_1
human_ad_medulla	3461.274296699926	2517	Neuroblasts	0.09279386216406675	1	1	AGAACAATCGGTCGAC_1
human_ad_medulla	2829.019723800026	1516	Connecting progenitor cells	0.23955055325301927	2	2	AGACAGGCACATCCCT_1
human_ad_medulla	3914.742397600136	3228	SCPs	0.09324616613950848	3	3	AGACCCGCACTCCTGT_1
human_ad_medulla	3568.0061253998574	2448	SCPs	0.06910141724388696	3	3	AGAGAGCCAAACCACT_1
human_ad_medulla	3082.6987854999625	1778	Bridge	0.05084140258438556	2	2	AGATGAATCCATTCAT_1
human_ad_medulla	2444.84712589999	1152	Connecting progenitor cells	0.08087373967286991	2	2	AGCATCAAGGCACGAT_1
human_ad_medulla	3215.488430399896	1899	SCPs	0.06340010372068001	3	3	AGCGCCAGTCGCGTCA_1
human_ad_medulla	3194.6487408999824	1924	Connecting progenitor cells	0.19763677361979093	2	2	AGGAAATCACTTCAAG_1
human_ad_medulla	3289.999956700048	1986	Neuroblasts	0.13382557926888788	1	1	AGGATAAGTATGAGCG_1
human_ad_medulla	2560.3495638999443	1207	Neuroblasts	0.1780730047289032	1	1	AGGCATTGTTAGAGAT_1
human_ad_medulla	2471.8687217000343	1143	Neuroblasts	0	1	1	AGGGTGAAGTGGATTA_1
human_ad_medulla	3601.2747221999516	2595	Neuroblasts	0.16866629370306477	1	1	AGGTCATTCTTGGCTC_1
human_ad_medulla	2427.046291399994	1101	Neuroblasts	0.3398734185346664	1	1	AGGTTGTAGTAGACAT_1
human_ad_medulla	2679.1563651999627	1333	SCPs	0.09060706689356743	3	3	AGTCATGCAGACCTGC_1
human_ad_medulla	3769.081107340149	3224	Bridge	0.023570653289203006	2	2	AGTGATCTCGACTCCT_1
human_ad_medulla	3629.348831500019	2562	Bridge	0.08867812517954662	2	2	AGTTAGCGTTCCGCGA_1
human_ad_medulla	2758.1502036000616	1392	Neuroblasts	0.13326230004451806	1	1	AGTTCGAGTGTGCTTA_1
human_ad_medulla	3912.042006499943	3089	SCPs	0.04945161112241825	3	3	AGTTCGATCCTCGCAT_1
human_ad_medulla	2391.365879900012	1083	SCPs	0.17242218075689875	3	3	ATACCGAGTACGTAGG_1
human_ad_medulla	3092.4764316999094	1755	Connecting progenitor cells	0	2	2	ATAGACCTCGCACGGT_1
human_ad_medulla	3771.997661900093	2802	Neuroblasts	0.18364610800184197	1	1	ATCACAGAGACGCCAA_1
human_ad_medulla	3229.6343150000585	1937	Neuroblasts	0.09120415231902025	1	1	ATCACTTGTTATTCCT_1
human_ad_medulla	3512.272702799874	2260	Neuroblasts	0.11456795472607358	1	1	ATCATTCCAGCATTGT_1
human_ad_medulla	3711.5324757000785	3006	Bridge	0.025867048349588008	2	2	ATCCACCGTCACAATC_1
human_ad_medulla	2706.2876656000476	1384	Connecting progenitor cells	0.15341273038982167	2	2	ATCCGTCGTGTTCCTC_1
human_ad_medulla	3417.9147246000666	2525	SCPs	0.13260840205808078	3	3	ATCGCCTCAGAGTAAT_1
human_ad_medulla	3174.610424899954	1952	Connecting progenitor cells	0	2	2	ATCGCCTTCAAAGCCT_1
human_ad_medulla	3465.541077000005	2423	Bridge	0.13704788644754515	2	2	ATCGGATGTCAACCAT_1
human_ad_medulla	3172.526739099905	2015	Bridge	0.13075820761015705	2	2	ATCTCTAAGAATCGCG_1
human_ad_medulla	3564.6353176000803	2605	Bridge	0.10626598129960453	2	2	ATCTTCACACAACGTT_1
human_ad_medulla	3832.1796629000282	2944	SCPs	0.07928274421509711	2	2	ATCTTCACATCTCCCA_1
human_ad_medulla	3437.3048173001393	2354	Connecting progenitor cells	0.10443878826026556	2	2	ATGAAAGAGGGTTTCT_1
human_ad_medulla	2768.800966399977	1411	Connecting progenitor cells	0.06466736041081493	2	2	ATGCATGGTCTTGCTC_1
human_ad_medulla	2955.016608400065	1680	Connecting progenitor cells	0.12351613150411962	2	2	ATGCCTCTCGTGACTA_1
human_ad_medulla	3226.3297210001233	1963	Neuroblasts	0.08855491059712091	1	1	ATGGGTTAGGTCATCT_1
human_ad_medulla	2971.3222969999247	1728	Connecting progenitor cells	0.10313397516971139	2	2	ATGTCCCGTGCCAAGA_1
human_ad_medulla	2326.5947475000125	1077	Bridge	0.17289032412379665	2	2	ATGTCTTTCAAGTAAG_1
human_ad_medulla	3596.7254465000105	2643	Connecting progenitor cells	0.029935623833833178	2	2	ATTCACTAGATCACTC_1
human_ad_medulla	3528.557039500037	2502	Connecting progenitor cells	0.06368743865674945	0	0	ATTCACTCAGTAACGG_1
human_ad_medulla	2642.514809300036	1282	Connecting progenitor cells	0.07307336152683613	1	1	ATTCACTGTTTGGAAA_1
human_ad_medulla	2573.6168869000085	1221	Neuroblasts	0.07518672689200381	1	1	ATTCCCGAGTAGGATT_1
human_ad_medulla	2987.076264399976	1665	Neuroblasts	0.16170442842611069	1	1	ATTCCTACATGCCATA_1
human_ad_medulla	2829.114260199966	1505	Connecting progenitor cells	0	2	2	ATTCGTTGTACGTACT_1
human_ad_medulla	3344.4580192000526	2027	SCPs	0.043374411987595306	3	3	ATTCGTTGTCAGTCTA_1
human_ad_medulla	2662.2570202999987	1317	SCPs	0.13816253547095592	3	3	ATTCTTGCAATACCCA_1
human_ad_medulla	3164.9557182999233	1864	SCPs	0.09418025607009556	3	3	ATTTCTGGTGTTCCAA_1
human_ad_medulla	3689.0337977000163	2690	SCPs	0.15848140246492312	3	3	CAACCAAGTGGGCTCT_1
human_ad_medulla	2907.9579672999625	1565	Connecting progenitor cells	0.13598294901324143	2	2	CAACGATAGACAGCTG_1
human_ad_medulla	2401.366102600022	1112	Connecting progenitor cells	0.08482180196491548	2	2	CAAGAGGAGACTTCCA_1
human_ad_medulla	3067.6567851999407	1789	Bridge	0.16598911014317136	2	2	CAAGAGGCATTGACAC_1
human_ad_medulla	2742.314320199957	1403	Neuroblasts	0.215663436406107	1	1	CAAGGGAAGGTAATCA_1
human_ad_medulla	3341.0563518999147	2261	Bridge	0.14711809327025813	2	2	CAAGGGATCTACGGGC_1
human_ad_medulla	3591.1369232999136	2567	SCPs	0.031422079528037	3	3	CAATGACCATCCGTTC_1
human_ad_medulla	3205.7036059999145	1876	SCPs	0.09450799488541614	3	3	CACAGATCAGAGATTA_1
human_ad_medulla	2368.409697399937	1053	SCPs	0.08964923603931095	3	3	CACAGGCGTCGCATTA_1
human_ad_medulla	3125.326558100003	1756	Neuroblasts	0.202054088832209	1	1	CACATGACATCGGTTA_1
human_ad_medulla	3922.238896759935	3213	SCPs	0.046864031191940526	3	3	CACGAATAGAGATTCA_1
human_ad_medulla	3458.2777746999773	2269	Neuroblasts	0.15393238909103626	1	1	CACTAAGCACCCATAA_1
human_ad_medulla	2976.622790000072	1663	Neuroblasts	0.054745875274305765	1	1	CACTGGGTCGTTGTAG_1
human_ad_medulla	3026.942861800069	1754	Connecting progenitor cells	0.19930511659583725	2	2	CAGCAATGTCATCCCT_1
human_ad_medulla	2712.1183561999665	1363	Connecting progenitor cells	0.1579213270766348	2	2	CAGCACGCAGCTCTGG_1
human_ad_medulla	2868.5547562999545	1563	Connecting progenitor cells	0	2	2	CAGCGTGCATGATGCT_1
human_ad_medulla	2711.468638400059	1362	Connecting progenitor cells	0	2	2	CAGCGTGGTCTTGCGG_1
human_ad_medulla	2561.7766701999994	1229	Connecting progenitor cells	0	2	2	CAGCGTGTCCATGATG_1
human_ad_medulla	3203.911196700053	1910	Connecting progenitor cells	0.24697225092099787	2	2	CAGTTAGAGTGCTACT_1
human_ad_medulla	3568.5023330999106	2594	Connecting progenitor cells	0.1054351951826133	2	2	CAGTTAGGTCAACCTA_1
human_ad_medulla	3350.150621199904	2228	Connecting progenitor cells	0.15009060094734059	2	2	CATACAGCAGAGGCTA_1
human_ad_medulla	3192.3095222999164	2024	Connecting progenitor cells	0.17002768566406135	2	2	CATAGACAGTAGTGCG_1
human_ad_medulla	2841.9874663000387	1492	Neuroblasts	0.12236409348164452	1	1	CATCAAGGTGGCTGAA_1
human_ad_medulla	3246.528921299938	1997	Bridge	0.10606246497324454	2	2	CATCCCAAGTCAGCGA_1
human_ad_medulla	3128.59519479996	1902	Connecting progenitor cells	0.10861320459891806	2	2	CATCCGTAGAGCATCG_1
human_ad_medulla	2891.3593769000668	1689	Bridge	0.12708130055902755	2	2	CATGCAAGTCAGTCTA_1
human_ad_medulla	2508.6229871999767	1191	Connecting progenitor cells	0.07820423834151886	2	2	CATGGATAGTAGAGTT_1
human_ad_medulla	3012.9256604000007	1734	SCPs	0	3	3	CATTCCGCATTGAAAG_1
human_ad_medulla	2736.796200699965	1413	Connecting progenitor cells	0.12949703741526555	2	2	CATTGTTCAACTTGCA_1
human_ad_medulla	2992.132472299905	1665	Bridge	0	2	2	CATTTCAAGCCTCTGG_1
human_ad_medulla	2998.67796480003	1875	Bridge	0.04545270335792432	2	2	CATTTCAAGCTCCACG_1
human_ad_medulla	3005.966725700012	1706	Connecting progenitor cells	0.2481524275110831	2	2	CATTTCACATGGCCAC_1
human_ad_medulla	2396.226042299959	1116	Bridge	0	2	2	CCAAGCGTCGCTGTTC_1
human_ad_medulla	3699.833346300096	2689	SCPs	0.08934099162346139	3	3	CCACGTTGTCTGCATA_1
human_ad_medulla	3057.3089101000505	1809	SCPs	0	3	3	CCCTGATCACCCAATA_1
human_ad_medulla	3079.8419706999766	1819	Connecting progenitor cells	0.09681761039584441	2	2	CCCTTAGCACACACTA_1
human_ad_medulla	3470.970178900145	2368	Neuroblasts	0.08504982606723012	1	1	CCCTTAGCATTGCCGG_1
human_ad_medulla	3102.1137091000364	1994	Bridge	0.04393714505054098	2	2	CCCTTAGTCTTAAGGC_1
human_ad_medulla	2886.3461220000254	1549	Connecting progenitor cells	0.19503724647199294	2	2	CCGCAAGTCGGTAGGA_1
human_ad_medulla	2267.79183779996	1015	Connecting progenitor cells	0	2	2	CCGGTGAAGCAATTAG_1
human_ad_medulla	3010.940255600059	1674	Neuroblasts	0.1592837217902287	1	1	CCGGTGAAGCTCTATG_1
human_ad_medulla	2870.2611817999364	1511	Neuroblasts	0	1	1	CCTATCGCACGCGGTT_1
human_ad_medulla	3181.9790796000343	1959	SCPs	0.15088311016185188	3	3	CCTCAGTAGATAACAC_1
human_ad_medulla	3507.3115172999164	2392	Bridge	0.17685576172530157	2	2	CCTCCAAGTGTTGACT_1
human_ad_medulla	2300.1295395999796	1030	Connecting progenitor cells	0	0	0	CCTCTAGAGGGAGATA_1
human_ad_medulla	2695.4199865999703	1353	SCPs	0.0674663840529682	3	3	CCTTCAGAGGAACATT_1
human_ad_medulla	3174.421352299891	1944	Connecting progenitor cells	0.13347467238179417	2	2	CGAAGGAGTCAGACGA_1
human_ad_medulla	3355.96425500008	2181	Connecting progenitor cells	0.1847142498840427	2	2	CGACAGCCAAGGATGC_1
human_ad_medulla	3213.791966099902	1891	Neuroblasts	0.2995475967812145	1	1	CGAGAAGTCCACAGCG_1
human_ad_medulla	2293.4307889999877	1014	Bridge	0.2764771202345637	2	2	CGAGAAGTCTCCCAAC_1
human_ad_medulla	3483.9829001999706	2532	Bridge	0.03206333188190685	2	2	CGAGAAGTCTGAACGT_1
human_ad_medulla	3769.2218092001312	2869	SCPs	0.07800706747539367	3	3	CGATGCGGTGAACCGA_1
human_ad_medulla	2662.5910509000187	1304	Neuroblasts	0.23480317406936102	1	1	CGATGGCAGATCACTC_1
human_ad_medulla	3322.7083998000253	2212	Bridge	0.07739869078354206	2	2	CGATGGCCAGACGCTC_1
human_ad_medulla	3598.812994200067	2478	SCPs	0.09941725523849487	3	3	CGATGGCTCCATTTAC_1
human_ad_medulla	2973.9756066999385	1677	Connecting progenitor cells	0.05290290197591191	2	2	CGCATGGGTAATGTGA_1
human_ad_medulla	3016.830503200045	1800	Bridge	0.21425047887655232	2	2	CGCCATTGTCCATACA_1
human_ad_medulla	2532.9630220999743	1206	Connecting progenitor cells	0	2	2	CGCGTGACAAAGCAAT_1
human_ad_medulla	3859.5207506001525	3039	SCPs	0.09092284837319049	3	3	CGCGTGAGTCGGTGTC_1
human_ad_medulla	3118.0726827000453	1811	Neuroblasts	0.16661303403297745	1	1	CGGAACCAGGAGGTTC_1
human_ad_medulla	2808.729961199992	1508	Connecting progenitor cells	0.2584286777394177	2	2	CGGACACTCTGAATCG_1
human_ad_medulla	3150.930891200073	1783	SCPs	0.05009601144882017	3	3	CGTGAATGTCGTGCCA_1
human_ad_medulla	3019.908308199898	1721	Neuroblasts	0.0509931906150465	1	1	CGTGCTTAGCCTCGTG_1
human_ad_medulla	3375.2191203999937	2188	Connecting progenitor cells	0.18726273982623562	2	2	CGTGCTTAGTTATGGA_1
human_ad_medulla	3149.133235000044	1887	Connecting progenitor cells	0.09251235761067948	2	2	CGTGCTTTCAACACCA_1
human_ad_medulla	3073.9534253000447	1765	Connecting progenitor cells	0.1692380228399918	2	2	CTAAGTGAGACGGTCA_1
human_ad_medulla	3914.40628430015	3297	SCPs	0.11006089268963712	3	3	CTACCTGTCATTGCGA_1
human_ad_medulla	3660.3749240200577	2833	SCPs	0.10167773950086227	3	3	CTAGGTAGTATCGCAT_1
human_ad_medulla	2449.382399700043	1117	Neuroblasts	0.19522861765421362	1	1	CTATAGGTCGCCGAAC_1
human_ad_medulla	2713.5397947999954	1372	Connecting progenitor cells	0.0666360892685296	2	2	CTATCCGCATACAGGG_1
human_ad_medulla	2813.304110200046	1480	Neuroblasts	0.20485314328816728	1	1	CTATCCGTCTCCGATC_1
human_ad_medulla	3469.613374699873	2496	Bridge	0.062427307197804455	2	2	CTATCTAAGATGAATC_1
human_ad_medulla	3545.786567300019	2351	SCPs	0.07187361539193189	3	3	CTCAGGGCAATACAGA_1
human_ad_medulla	3220.356947399945	1979	Connecting progenitor cells	0.1493834838365993	2	2	CTCATTAGTCACTCGG_1
human_ad_medulla	3531.693635900049	2376	Neuroblasts	0.03551759097247755	1	1	CTGAGCGGTAATCAGA_1
human_ad_medulla	2630.59397690002	1314	Connecting progenitor cells	0.13878657945922754	2	2	CTGAGCGTCATTGGTG_1
human_ad_medulla	3090.5990630999445	1720	SCPs	0.3121243746940219	3	3	CTGAGGCCACTGCTTC_1
human_ad_medulla	3720.061985279958	2915	SCPs	0.07789151340664924	3	3	CTGATCCAGTCTAACC_1
human_ad_medulla	2995.5884873999785	1633	Neuroblasts	0.16606498926418714	1	1	CTGCATCAGGGTACGT_1
human_ad_medulla	3168.927631499939	1935	Bridge	0.04588773771749758	2	2	CTGTGGGGTTGAATCC_1
human_ad_medulla	3324.130059299931	2159	Connecting progenitor cells	0.11805291700368824	2	2	CTTACCGAGGGTTAGC_1
human_ad_medulla	2955.9398483999253	1674	Connecting progenitor cells	0.17980775904073484	2	2	CTTCCTTCATTGAAAG_1
human_ad_medulla	3430.073261300038	2323	SCPs	0.14646977826053303	3	3	CTTGATTCAACGTTAC_1
human_ad_medulla	3099.151272999966	1811	SCPs	0.06808613759461439	3	3	CTTTCAAAGAACAGGA_1
human_ad_medulla	3004.912486000059	1647	Connecting progenitor cells	0.16517293009776865	2	2	GAACACTTCGCTAATG_1
human_ad_medulla	3036.40872959994	1677	SCPs	0.05345179271085284	3	3	GAAGAATTCCCGTAAA_1
human_ad_medulla	2687.964240400015	1344	Connecting progenitor cells	0.1362484494754657	2	2	GAAGCCCGTTGGCCTG_1
human_ad_medulla	2497.2469147999673	1216	Connecting progenitor cells	0.1514262917931326	2	2	GAAGGACGTCCTACAA_1
human_ad_medulla	2727.6542721000073	1393	Neuroblasts	0.08887544967836443	1	1	GACATCAGTTCGGCCA_1
human_ad_medulla	3173.080938300053	1892	Connecting progenitor cells	0.25275397810358674	2	2	GACCCAGAGTACGTCT_1
human_ad_medulla	2968.56807080006	1646	Neuroblasts	0.12825503438679384	1	1	GACCGTGGTGTAGCAG_1
human_ad_medulla	2743.0463909000464	1371	Connecting progenitor cells	0.1791246264117245	1	1	GACGCTGTCTATGTGG_1
human_ad_medulla	2664.7056757000087	1330	Neuroblasts	0.06793739798390426	1	1	GACGTTACATGAAGGC_1
human_ad_medulla	2619.2055862999937	1313	Connecting progenitor cells	0	2	2	GACTCAAAGTATAACG_1
human_ad_medulla	2533.5644663999956	1220	Connecting progenitor cells	0	2	2	GACTCTCAGACAACTA_1
human_ad_medulla	3665.064871099998	2837	SCPs	0.09568887655042854	3	3	GACTCTCTCGGTCAGC_1
human_ad_medulla	3191.6862992999577	1898	Connecting progenitor cells	0.13914324227208866	2	2	GAGACCCGTAGGAGTC_1
human_ad_medulla	3697.6975411001463	2552	SCPs	0.07906629916329379	3	3	GAGACTTGTAACACGG_1
human_ad_medulla	2530.7828448999603	1226	Connecting progenitor cells	0	2	2	GAGACTTTCGAGAATA_1
human_ad_medulla	2559.2426808999935	1229	Bridge	0.0754707091443461	2	2	GAGGGATTCCATTTAC_1
human_ad_medulla	3389.585159199864	2244	SCPs	0.11129019401567339	3	3	GAGTCATAGTTGCCCG_1
human_ad_medulla	2996.779881100083	1697	Connecting progenitor cells	0.10481904993458857	2	2	GAGTGAGTCACGATAC_1
human_ad_medulla	3610.9230452001216	2761	Connecting progenitor cells	0.027702074718254272	0	0	GATCAGTTCGTGTGGC_1
human_ad_medulla	2945.2417516999526	1621	Neuroblasts	0.13001061789884927	1	1	GATCATGGTCGATTTG_1
human_ad_medulla	3970.969012120011	3199	SCPs	0.035558000973826956	3	3	GATCCCTGTTTCGTAG_1
human_ad_medulla	2738.1031985000327	1476	Bridge	0.1232777859449975	2	2	GATGATCCAGAAGCTG_1
human_ad_medulla	3035.7838003000716	1728	SCPs	0.07031727028087434	3	3	GATGCTAGTTAAGTCC_1
human_ad_medulla	2883.0173868000616	1587	Bridge	0.056523356656156445	2	2	GATGCTATCTTTGGAG_1
human_ad_medulla	3604.6913323999115	2584	Neuroblasts	0	1	1	GATGTTGAGCAACTTC_1
human_ad_medulla	3280.9943928999032	2167	Bridge	0.07729172001902188	2	2	GATGTTGCATGCCGCA_1
human_ad_medulla	2977.8158064000622	1645	SCPs	0.05485722778719568	3	3	GATGTTGTCACTACGA_1
human_ad_medulla	3357.9031692998847	2134	Connecting progenitor cells	0.11983487304784261	2	2	GCAACATCACTACCGG_1
human_ad_medulla	2568.0132369000175	1253	Connecting progenitor cells	0	0	0	GCAGGCTGTATGACAA_1
human_ad_medulla	3022.563097200083	1828	Connecting progenitor cells	0.047722494241267954	2	2	GCAGTTAGTCTTCTAT_1
human_ad_medulla	2563.1163140999906	1205	Neuroblasts	0.1558095189840146	1	1	GCATTAGCAGTCAGAG_1
human_ad_medulla	3093.9584453000753	1749	Neuroblasts	0.12100535499069681	1	1	GCCAGCACAATGGGTG_1
human_ad_medulla	2792.94414270004	1485	Neuroblasts	0.06044144507552008	1	1	GCCAGGTCACCCGTAG_1
human_ad_medulla	3458.93255749988	2167	SCPs	0.040100371341225495	3	3	GCCATGGAGGCACGAT_1
human_ad_medulla	2868.475033000024	1509	Connecting progenitor cells	0.259793029894569	2	2	GCCATTCCACGTCGTG_1
human_ad_medulla	2887.9689119998952	1634	Connecting progenitor cells	0.13010900790472693	2	2	GCCCAGATCTTTACAC_1
human_ad_medulla	3405.9684379000264	2235	SCPs	0.0732913074655236	3	3	GCCGATGAGGGCAGAG_1
human_ad_medulla	3431.9588907999437	2279	SCPs	0.08800744985893434	3	3	GCTCAAACAGAGATGC_1
human_ad_medulla	2267.1376236999886	1017	Connecting progenitor cells	0.0917634852975869	2	2	GGACGTCTCCATCTAT_1
human_ad_medulla	2844.8627239999846	1514	Connecting progenitor cells	0.34199984477001616	2	2	GGAGCAATCATCGCTC_1
human_ad_medulla	3193.2113726000107	1903	Neuroblasts	0.09319699990849237	1	1	GGAGGATTCCGGTAGC_1
human_ad_medulla	3257.6938947999543	2331	Bridge	0.07047112694242179	2	2	GGATCTAGTGTTACAC_1
human_ad_medulla	2919.00282059997	1618	Connecting progenitor cells	0.27551849019272173	2	2	GGGAAGTTCTGGGCCA_1
human_ad_medulla	3644.3846545001065	2703	Bridge	0.06001403823548934	2	2	GGGAGTATCCTCACCA_1
human_ad_medulla	3063.090833600089	1766	SCPs	0.09892621422651604	3	3	GGGATGATCAATCTCT_1
human_ad_medulla	3727.3045622999016	2719	SCPs	0.07214700207757346	3	3	GGGATGATCGATACAC_1
human_ad_medulla	3664.4593467001437	2803	Connecting progenitor cells	0	0	0	GGGCCATTCTCGACGG_1
human_ad_medulla	3620.3302527999303	2651	Connecting progenitor cells	0.10410976449137478	2	2	GGGCTACCACATTCTT_1
human_ad_medulla	2756.5055767000454	1452	SCPs	0	3	3	GGGCTACTCCCTCTTT_1
human_ad_medulla	3535.3784140997836	2686	Bridge	0.030226037352555926	2	2	GGGCTCACATGAAGGC_1
human_ad_medulla	3375.3583868999053	2183	SCPs	0.038718762578581124	3	3	GGGTAGAAGCTCGGCT_1
human_ad_medulla	3049.0214481000603	1668	SCPs	0.16043524072446824	3	3	GGGTCTGTCGGAGATG_1
human_ad_medulla	3120.30171720009	1747	SCPs	0.20558302950767657	3	3	GGGTTTAGTACCGGAA_1
human_ad_medulla	3072.5021133998753	1869	Connecting progenitor cells	0.09317736145776272	2	2	GGTAACTAGTGTACAA_1
human_ad_medulla	3254.2309618001036	2045	Connecting progenitor cells	0.24924700475203201	2	2	GGTCTGGCATGACAGG_1
human_ad_medulla	2726.9848604999756	1452	Connecting progenitor cells	0.12579590923621964	0	0	GGTGGCTAGGTCGTAG_1
human_ad_medulla	3087.142252899964	1717	SCPs	0.1427631135513733	3	3	GGTGGCTCAGGCATGA_1
human_ad_medulla	2621.847470399943	1324	Bridge	0.06805501540971864	2	2	GGTGTCGGTCGAAGCA_1
human_ad_medulla	2909.884602099947	1679	Bridge	0.05313997671536831	2	2	GGTTCTCAGACGTCCC_1
human_ad_medulla	2798.258928299998	1468	Connecting progenitor cells	0	2	2	GGTTGTATCACAACCA_1
human_ad_medulla	3249.813381100071	1996	Neuroblasts	0.04406916742755265	1	1	GTAATGCCAGTATTCG_1
human_ad_medulla	3143.910545500088	1910	Connecting progenitor cells	0.09162003683987831	2	2	GTACAGTGTCATACCA_1
human_ad_medulla	2622.1649778999536	1278	Connecting progenitor cells	0.07262081204078437	2	2	GTAGAAATCGCCATAA_1
human_ad_medulla	3514.156800000073	2441	Connecting progenitor cells	0.06787481423708672	2	2	GTAGCTAGTCCCTAAA_1
human_ad_medulla	2722.7304302000216	1352	Neuroblasts	0.06861394647367854	1	1	GTAGGAGTCATCTCTA_1
human_ad_medulla	3243.35099429993	2142	Bridge	0.03908874192858207	2	2	GTCAAGTCAATAGAGT_1
human_ad_medulla	3075.125283400003	1747	Neuroblasts	0.2028745148588633	1	1	GTCACGGAGTCTGGAG_1
human_ad_medulla	3278.854259200029	2047	SCPs	0.12672298832256568	3	3	GTCATGACAGTCGTTA_1
human_ad_medulla	2787.388294799985	1380	Neuroblasts	0.06718899564491383	1	1	GTCCCATGTTCCGCGA_1
human_ad_medulla	2456.696941400002	1149	Neuroblasts	0.16083650097061977	1	1	GTCGTTCCACCGCTAG_1
human_ad_medulla	3185.6980100000264	2074	Connecting progenitor cells	0.08141182220847036	2	2	GTCTCACCAAACACGG_1
human_ad_medulla	3495.743533300044	2188	SCPs	0.039964024439778326	3	3	GTCTCACCAGTCACGC_1
human_ad_medulla	3429.554014300071	2274	Connecting progenitor cells	0.07486609014740972	2	2	GTCTGTCAGTGGAATT_1
human_ad_medulla	3093.9681168999127	1806	Neuroblasts	0.1974320926784652	1	1	GTGAGTTCAGTAGGAC_1
human_ad_medulla	2528.1865934000152	1198	Connecting progenitor cells	0.07739201707294317	2	2	GTGATGTCATCGATAC_1
human_ad_medulla	2829.83204549997	1452	SCPs	0.12492549886915323	3	3	GTGCGTGAGCTCCACG_1
human_ad_medulla	3145.0686040000046	1817	Connecting progenitor cells	0.048700136399313906	2	2	GTGCTGGAGTAAGCAT_1
human_ad_medulla	3174.6471148999517	1972	Connecting progenitor cells	0.11517058960158558	2	2	GTGCTGGTCCAAACCA_1
human_ad_medulla	3151.026823200075	1880	Connecting progenitor cells	0.18559803289966045	2	2	GTGCTTCTCCGATAGT_1
human_ad_medulla	3610.40337450011	2611	SCPs	0.1687541991299957	3	3	GTGGGAACACCGGAAA_1
human_ad_medulla	2864.5846585999593	1529	Connecting progenitor cells	0.1987773823651965	2	2	GTGGGAAGTCACCGAC_1
human_ad_medulla	3114.874031200033	1745	Neuroblasts	0.05227371905542832	1	1	GTGGTTACATCTCATT_1
human_ad_medulla	2550.1119066999904	1244	Connecting progenitor cells	0.07356884202104601	0	0	GTGTGATCAGGCATGA_1
human_ad_medulla	2856.0641505999774	1505	Connecting progenitor cells	0.12146409243893358	2	2	GTGTGATGTTGAATCC_1
human_ad_medulla	2894.481781600024	1583	Connecting progenitor cells	0.05657453815773523	2	2	GTGTTAGTCTTCGATT_1
human_ad_medulla	3365.848351999921	2179	Bridge	0.07730776695432241	2	2	GTGTTCCGTACCTATG_1
human_ad_medulla	2701.38260770004	1346	SCPs	0.13679109317824997	3	3	GTTACAGCAATCTAGC_1
human_ad_medulla	2438.2176983999516	1114	SCPs	0.25083359061881383	3	3	GTTACAGTCTGGCCGA_1
human_ad_medulla	3309.722373099887	2066	SCPs	0.0842133353133629	3	3	GTTACGAGTAATTGGA_1
human_ad_medulla	3710.7842919997966	3016	SCPs	0.038415835786341584	3	3	GTTACGATCGCCACTT_1
human_ad_medulla	3675.5631629998684	2778	SCPs	0	3	3	GTTCATTTCATTCCTA_1
human_ad_medulla	2631.57194090001	1309	Connecting progenitor cells	0.14173568816531631	2	2	GTTGAACGTTCCAGGC_1
human_ad_medulla	3509.7401731999407	2473	Connecting progenitor cells	0.07801317091525964	2	2	GTTGCTCCACATTCTT_1
human_ad_medulla	3455.658947799944	2290	SCPs	0.17025046999344667	3	3	TAACGACTCCCAACTC_1
human_ad_medulla	2776.874254400059	1470	Bridge	0.18494121913739803	2	2	TAACTTCGTGAATGAT_1
human_ad_medulla	2298.769871599962	1017	Connecting progenitor cells	0.2775189060382023	2	2	TACCCACGTACTAGCT_1
human_ad_medulla	2584.0215491999875	1239	Bridge	0.09919054277211957	2	2	TACCGGGAGTCCGTCG_1
human_ad_medulla	3797.7501495500496	3104	Connecting progenitor cells	0.15703050003714855	2	2	TAGAGTCTCATACGGT_1
human_ad_medulla	3378.7555089999178	2227	Connecting progenitor cells	0.11469628357770867	2	2	TAGATCGGTTCAGGTT_1
human_ad_medulla	3017.9780851000482	1660	Neuroblasts	0	1	1	TAGCACAGTTTGGGAG_1
human_ad_medulla	2685.4887548000315	1331	Connecting progenitor cells	0	2	2	TAGGAGGAGGTGCGAT_1
human_ad_medulla	3300.0274330000952	2067	Neuroblasts	0.12613490598215518	1	1	TATCGCCCATGATCTG_1
human_ad_medulla	2916.3986493000093	1643	Connecting progenitor cells	0	2	2	TCAGTTTGTTGCCTAA_1
human_ad_medulla	2896.9583454000763	1609	Connecting progenitor cells	0.11142258932115313	2	2	TCATATCGTTCTCACC_1
human_ad_medulla	3317.563150500098	2118	Connecting progenitor cells	0.09784299055500087	2	2	TCATCATTCAGTGATC_1
human_ad_medulla	3495.748932600106	2233	Bridge	0.07723247441548595	2	2	TCATGCCAGGATTTCC_1
human_ad_medulla	3176.0218429000743	1949	Connecting progenitor cells	0.0446549479239404	2	2	TCATTGTTCGAACCAT_1
human_ad_medulla	3221.842630300061	2036	Connecting progenitor cells	0.042856525238521785	2	2	TCCACGTCAAAGGGCT_1
human_ad_medulla	2729.5477552999337	1428	SCPs	0.06315581387622854	3	3	TCCATGCGTTGCATTG_1
human_ad_medulla	2778.9142439999564	1433	Connecting progenitor cells	0.12672409764365708	2	2	TCCCATGAGGATTTAG_1
human_ad_medulla	3197.3634246999654	1885	Neuroblasts	0.09432391002855749	1	1	TCCCATGCACCCGTAG_1
human_ad_medulla	2541.9104533000213	1216	Bridge	0.07588625309344542	2	2	TCCGATCGTATGGGAC_1
human_ad_medulla	3334.48558229994	2102	Neuroblasts	0.08151771938762266	1	1	TCCTCCCAGCATTGTC_1
human_ad_medulla	3275.731613200069	2035	SCPs	0.12558353020811863	3	3	TCGACGGCAGGAGACT_1
human_ad_medulla	3227.2428294999027	1963	Neuroblasts	0.13379005324706478	1	1	TCGCTCAGTATCGAAA_1
human_ad_medulla	2757.4669153999507	1384	Neuroblasts	0.26782202023007207	1	1	TCGGATAGTCGATGCC_1
human_ad_medulla	3513.825740400101	2357	Bridge	0.1232711414854281	2	2	TCGGGCACAATGGCCC_1
human_ad_medulla	2800.643890000003	1410	SCPs	0.19507321225334343	3	3	TCGTAGAGTAGTGTGG_1
human_ad_medulla	2899.861849899931	1785	Chromaffin cells	0	0	0	TCGTGCTAGCAATTAG_1
human_ad_medulla	2862.442201900062	1457	Neuroblasts	0.08552151719867175	1	1	TCTCACGAGGTAGTCG_1
human_ad_medulla	2547.8513576000096	1267	SCPs	0	3	3	TCTCAGCGTGGCGCTT_1
human_ad_medulla	3289.917784400016	2135	Connecting progenitor cells	0	2	2	TCTGGCTCATCTTCGC_1
human_ad_medulla	2883.8816038000423	1786	Bridge	0.0992380268395524	2	2	TCTTCCTAGATACAGT_1
human_ad_medulla	3412.3713391000915	2257	SCPs	0.09083044581007971	3	3	TCTTTGAAGGCCCGTT_1
human_ad_medulla	3187.36540099994	2035	Bridge	0.04083670480929665	2	2	TGAACGTTCAGGGTAG_1
human_ad_medulla	3097.7135670999473	1803	Neuroblasts	0.12683099049981453	1	1	TGAACGTTCTACTATC_1
human_ad_medulla	3229.2186143000126	1894	Neuroblasts	0.046469043419820534	1	1	TGACAGTCATGTGCCG_1
human_ad_medulla	3067.2487806999657	1737	Neuroblasts	0.20649059964919558	1	1	TGACTCCAGCAACAAT_1
human_ad_medulla	3288.158914599933	2096	Connecting progenitor cells	0.12506887309308648	0	0	TGAGGGAAGTCACTCA_1
human_ad_medulla	3352.0756291000857	2344	Bridge	0.07058936198987979	2	2	TGATCAGGTCTTCATT_1
human_ad_medulla	3305.3369435999352	2128	Connecting progenitor cells	0.13569742136833352	2	2	TGATGGTTCGTGCACG_1
human_ad_medulla	2759.290717100048	1414	Neuroblasts	0.19485183517199703	1	1	TGATTCTAGGGTATAT_1
human_ad_medulla	3095.6342373999705	1784	Connecting progenitor cells	0.06864126498951933	2	2	TGATTCTCACGTACAT_1
human_ad_medulla	2649.987768000044	1325	Neuroblasts	0.06965415924893316	1	1	TGATTCTGTCTAACTG_1
human_ad_medulla	2718.9674303000584	1384	Neuroblasts	0	1	1	TGATTCTTCATTTGCT_1
human_ad_medulla	2962.246048199958	1670	Neuroblasts	0.053462908692623795	1	1	TGATTTCGTAGTTCCA_1
human_ad_medulla	2883.955071099952	1538	Connecting progenitor cells	0	1	1	TGCCGAGCAGTGGTGA_1
human_ad_medulla	3079.378565000066	1762	Neuroblasts	0.1483099691576863	1	1	TGCCGAGGTAGATGTA_1
human_ad_medulla	3150.498658199954	1858	SCPs	0.047776760548122355	3	3	TGCCGAGTCAATCTCT_1
human_ad_medulla	2951.4081158999093	1607	SCPs	0	3	3	TGCGACGAGCTCCATA_1
human_ad_medulla	2710.195678499997	1390	Connecting progenitor cells	0.06595851783622428	2	2	TGCGACGTCACTCTTA_1
human_ad_medulla	3266.346337500086	1971	Neuroblasts	0.0895809843067483	1	1	TGCGGCACAGAGGCAT_1
human_ad_medulla	3797.9537155998173	2773	SCPs	0.02978193481805933	3	3	TGCGGCATCCGGTTCT_1
human_ad_medulla	3550.993229899908	2524	SCPs	0.141592748126465	3	3	TGCTCCACACAGTCGC_1
human_ad_medulla	3160.564830599924	1905	Connecting progenitor cells	0.16635087339758892	2	2	TGGATCACAGGTCCCA_1
human_ad_medulla	3376.333721800123	2188	SCPs	0.15182460095404818	3	3	TGGCGTGCACTACTTT_1
human_ad_medulla	3407.122190999952	2378	Connecting progenitor cells	0.0830525892929456	2	2	TGGTAGTGTACGATCT_1
human_ad_medulla	2361.2340725000104	1100	Connecting progenitor cells	0.08405699896997362	2	2	TGGTTAGTCATCACCC_1
human_ad_medulla	3273.3208546999263	2272	Connecting progenitor cells	0.11098774490082933	2	2	TGTAACGTCTTGGTCC_1
human_ad_medulla	2460.769751099931	1172	Connecting progenitor cells	0	2	2	TGTGCGGCAGCTCGGT_1
human_ad_medulla	3148.728348700018	1771	Neuroblasts	0.130748230526133	1	1	TGTTCTAGTATGAGAT_1
human_ad_medulla	2922.9750055999657	1590	SCPs	0.056091646245995504	3	3	TGTTCTATCTCTCTTC_1
human_ad_medulla	3876.331298300056	3342	SCPs	0.09769554531267152	3	3	TGTTGGAGTTACCGTA_1
human_ad_medulla	3391.2913733000814	2171	SCPs	0.12041888031655854	2	2	TGTTTGTAGTCGAAAT_1
human_ad_medulla	3499.8952278998313	2402	Bridge	0	2	2	TGTTTGTTCGCTGACG_1
human_ad_medulla	2460.6493490000476	1129	Connecting progenitor cells	0.08226417960863067	2	2	TTACGTTGTCTGTGTA_1
human_ad_medulla	3114.085389099972	1752	Neuroblasts	0.21987842478458716	1	1	TTAGGCAAGTGATAAC_1
human_ad_medulla	2676.0540894999713	1325	Connecting progenitor cells	0.1397600599582365	2	2	TTAGGCAGTAGACGTG_1
human_ad_medulla	3137.969049299947	1811	Neuroblasts	0.04964198102423987	1	1	TTCACGCGTGTCGCTG_1
human_ad_medulla	2689.0603823000365	1400	Bridge	0.1296981065563465	2	2	TTCATTGGTTCCGCGA_1
human_ad_medulla	3011.516908199962	1658	SCPs	0.10881835632657202	3	3	TTCCGGTGTGTAAACA_1
human_ad_medulla	2920.61754230002	1577	Bridge	0.058046686204072946	2	2	TTCCGGTTCCATCCGT_1
human_ad_medulla	2594.4515689999675	1271	Connecting progenitor cells	0.3156490141443108	2	2	TTCCGTGAGTTCCGTA_1
human_ad_medulla	3571.315213999918	2446	SCPs	0.06859691327151657	3	3	TTCCTCTAGGTTCCGC_1
human_ad_medulla	3490.76274339995	2313	Connecting progenitor cells	0.14351223123003357	2	2	TTCGATTAGGCACGAT_1
human_ad_medulla	2961.029245999963	1673	Bridge	0.12591597685286918	2	2	TTCGATTTCGCTACAA_1
human_ad_medulla	2846.0093011999174	1475	Bridge	0.06273825595886819	2	2	TTGCATTCAACAGCTT_1
human_ad_medulla	2676.8184215999636	1318	Connecting progenitor cells	0.17834714381360656	2	2	TTGCATTCATGACTGT_1
human_ad_medulla	3224.8887857000823	1970	Connecting progenitor cells	0.1306045783245719	2	2	TTGCCTGCAAGGACAC_1
human_ad_medulla	2857.7540176000234	1552	Neuroblasts	0.19386151032875218	1	1	TTGCCTGTCCGTGTGG_1
human_ad_medulla	3242.3883007999166	1954	Neuroblasts	0.09055883279851475	1	1	TTGCTGCGTGTGGTCC_1
human_ad_medulla	3193.2288902000532	1984	Connecting progenitor cells	0.10466033018355361	2	2	TTGTTCAGTCCTTAAG_1
human_ad_medulla	2842.430809399958	1539	Connecting progenitor cells	0.11703982341446292	2	2	TTTACCATCCATAGAC_1
human_ad_medulla	2492.527529699989	1231	Connecting progenitor cells	0.24869655103653426	2	2	TTTACGTAGTTGCGAG_1
human_ad_medulla	3218.4709312000837	2027	Connecting progenitor cells	0.08467049285990859	2	2	TTTCACAAGCACACAG_1
human_ad_medulla	2953.2317106999767	1607	SCPs	0.18852855601636298	3	3	TTTCAGTAGGGAGGTG_1
human_ad_medulla	3094.3543767000465	1775	Connecting progenitor cells	0.06883803018940651	2	2	TTTCGATCATGGGATG_1
human_ad_medulla	3215.5146768000513	1998	Connecting progenitor cells	0.14559437510199597	2	2	TTTGGTTGTCGATTTG_1
human_ad_medulla	2364.7628793000067	1064	Neuroblasts	0.177578168058991	1	1	TTTGGTTGTTGAATCC_1
human_ad_medulla	3508.05360379991	2428	Connecting progenitor cells	0.08369275192430785	2	2	TTTGTTGCACCCATAA_1
human_ad_medulla	3351.76970619991	2515	Bridge	0.09344465982273528	2	2	TTTGTTGGTTGCTCCT_1
human_ad_medulla	3144.3591633000374	2130	Bridge	0.07963779167555157	2	2	AACAAGAGTATTCTCT_2
human_ad_medulla	2760.3090983000507	1500	Connecting progenitor cells	0.12176821798942727	2	2	AACAGGGTCGATGCAT_2
human_ad_medulla	3246.2527108999257	2113	Bridge	0.04157111969344774	2	2	AACCCAACAGACCTAT_2
human_ad_medulla	2858.5206184000253	1641	Chromaffin cells	0.10796647678992206	0	0	AACGGGATCATGAGAA_2
human_ad_medulla	3059.5368587000507	1806	Connecting progenitor cells	0.09795108666457819	2	2	AAGAACAGTTAAGCAA_2
human_ad_medulla	3473.884680899903	2264	Neuroblasts	0.03824316642704008	1	1	AAGACAACAACATACC_2
human_ad_medulla	3203.27647650001	2343	Bridge	0.03571992016281384	2	2	AAGACAACACATGACT_2
human_ad_medulla	3132.890846900037	2137	Bridge	0.03996465760174472	2	2	AAGCGAGCACCGGAAA_2
human_ad_medulla	2914.6398965000426	1607	SCPs	0	3	3	AAGCGTTGTCTAGATC_2
human_ad_medulla	3407.7316539000863	2374	Connecting progenitor cells	0.07145440566639738	2	2	AAGTGAAAGGAGTACC_2
human_ad_medulla	2814.2597319999645	1471	Connecting progenitor cells	0	1	1	AAGTGAAGTACCCGCA_2
human_ad_medulla	3065.9631433000186	1756	Neuroblasts	0	1	1	AATCACGGTGAGCTCC_2
human_ad_medulla	3914.7711338999898	3129	Bridge	0.07669754111548288	2	2	AATGGAAAGCCAACCC_2
human_ad_medulla	3729.7195690000717	2629	SCPs	0.04518373751224961	3	3	AATGGCTAGTGTACAA_2
human_ad_medulla	3170.9981513999996	1948	Connecting progenitor cells	0.08820034785467142	2	2	ACACCAAGTCACAATC_2
human_ad_medulla	3314.117844800024	2133	Connecting progenitor cells	0.04081582379825187	0	0	ACATCGAAGCGTGTTT_2
human_ad_medulla	3442.193155499958	2029	Neuroblasts	0.043720193260956546	1	1	ACCAACAGTGGGCTCT_2
human_ad_medulla	3762.0613768001353	2878	SCPs	0.027318009917056144	3	3	ACCGTTCTCCAAATGC_2
human_ad_medulla	2806.2339372999963	1469	Connecting progenitor cells	0.1245330032378696	2	2	ACGCACGTCGGCATAT_2
human_ad_medulla	2806.381155999994	1735	Bridge	0	2	2	ACGTACAAGTTTAGGA_2
human_ad_medulla	2705.1181522000206	1395	Connecting progenitor cells	0.1953602505569686	2	2	ACGTTCCTCTAACACG_2
human_ad_medulla	3627.347402499941	2505	Neuroblasts	0.03345372155872571	1	1	ACTTATCAGGCAGTCA_2
human_ad_medulla	3892.4504356998577	2881	Neuroblasts	0.027740196512119702	1	1	ACTTATCTCAAACGTC_2
human_ad_medulla	3389.357435600036	2179	Neuroblasts	0	1	1	ACTTCGCCAAATCAAG_2
human_ad_medulla	3594.4786413000584	2426	SCPs	0.03489720277058917	3	3	AGAACCTGTACGGCAA_2
human_ad_medulla	2741.264883199925	1493	Connecting progenitor cells	0.05961522033187678	2	2	AGAACCTTCCGCTGTT_2
human_ad_medulla	3256.723928099914	1996	SCPs	0.044689317612780756	3	3	AGACCATGTTACCCAA_2
human_ad_medulla	3214.8393319000934	1979	SCPs	0.043968766525092635	3	3	AGACCATTCTGGCCGA_2
human_ad_medulla	3164.880485100119	1956	Connecting progenitor cells	0	2	2	AGACTCAAGATGTTAG_2
human_ad_medulla	2928.095889699963	1808	Bridge	0	2	2	AGAGCAGCAGCACAGA_2
human_ad_medulla	3730.476949160148	2970	Bridge	0.05275839810357473	2	2	AGATGCTCATCCTCAC_2
human_ad_medulla	2740.57273060001	1432	Connecting progenitor cells	0.12683577272692825	2	2	AGCCACGTCGTGCATA_2
human_ad_medulla	3263.1953403999164	2107	Chromaffin cells	0	0	0	AGCTACATCGTCAGAT_2
human_ad_medulla	3385.2998223999102	2384	Bridge	0.034423586126379344	2	2	AGCTACATCTACCCAC_2
human_ad_medulla	3378.467537100004	2691	Bridge	0.02940693344216058	2	2	AGGCATTGTATCGTAC_2
human_ad_medulla	3622.602136500019	2757	Neuroblasts	0.029186699509362323	1	1	AGGCCACGTGTTAAAG_2
human_ad_medulla	3989.790965740006	3555	SCPs	0.031921306427736135	3	3	ATATCCTGTGCCTAAT_2
human_ad_medulla	3107.630310899939	1682	Neuroblasts	0.05393123802794458	1	1	ATCCATTTCTTCCACG_2
human_ad_medulla	2631.311356700044	1304	Neuroblasts	0.07124526693606728	1	1	ATCGGATCAATAACGA_2
human_ad_medulla	3489.9902631998334	2299	SCPs	0	3	3	ATGACCAGTAGGCAAC_2
human_ad_medulla	2882.4579854000795	1565	SCPs	0.11665744364816051	3	3	ATGGAGGGTTCAAAGA_2
human_ad_medulla	3948.2801450998636	2855	SCPs	0	3	3	ATGGGTTAGACTAAGT_2
human_ad_medulla	3082.7983012000823	1888	Connecting progenitor cells	0.139867992606635	2	2	ATGGTTGTCGCAGTTA_2
human_ad_medulla	2824.955022200001	1524	Bridge	0	2	2	ATTACCTGTGTCGATT_2
human_ad_medulla	2978.196063900115	1841	Bridge	0.04722673624644117	2	2	ATTCACTGTAACATAG_2
human_ad_medulla	3359.6943428000914	2334	SCPs	0	3	3	ATTCATCTCTGCCTGT_2
human_ad_medulla	3280.0512164000875	2214	Bridge	0	2	2	ATTCCTACAACACGAG_2
human_ad_medulla	2791.9073657999206	1694	Connecting progenitor cells	0	2	2	ATTCTTGGTAAGGAGA_2
human_ad_medulla	2704.525648899965	1543	Bridge	0.07971814949793239	2	2	CAAAGAATCACAGTGT_2
human_ad_medulla	2378.115057100015	1139	Connecting progenitor cells	0	2	2	CAACAACAGCATGCAG_2
human_ad_medulla	3389.548179899921	2285	Connecting progenitor cells	0	2	2	CAACAACAGTAAAGCT_2
human_ad_medulla	3427.751903699923	2399	Bridge	0.07104683969021566	2	2	CAATGACAGTTTCGAC_2
human_ad_medulla	2860.041550099955	1595	Connecting progenitor cells	0.11326809569905663	2	2	CACGGGTCAGCGTGCT_2
human_ad_medulla	2964.5173927998953	1739	Bridge	0	2	2	CACGTGGGTGACAACG_2
human_ad_medulla	3330.793767600083	2028	SCPs	0.1287097970970724	3	3	CACTGTCAGGTCTACT_2
human_ad_medulla	3180.9138493998835	2098	Neuroblasts	0.08194941841923169	2	2	CAGCACGAGAAACTCA_2
human_ad_medulla	2951.874357700028	1769	Bridge	0	2	2	CAGGTATGTGTAAATG_2
human_ad_medulla	3315.1218405998875	2129	SCPs	0.08177408645437441	3	3	CAGTGCGGTGCAGTGA_2
human_ad_medulla	3531.2259019001135	2444	Neuroblasts	0.06887971111367322	1	1	CAGTTAGAGTATCCTG_2
human_ad_medulla	3708.8053475999054	2710	Neuroblasts	0	1	1	CAGTTAGGTTTCAGAC_2
human_ad_medulla	2785.538555799949	1545	Bridge	0.11827421283184741	2	2	CATACTTAGAAGTGTT_2
human_ad_medulla	3617.0724322000697	2608	Connecting progenitor cells	0.09528943820192083	2	2	CATCGTCTCTAAGCGT_2
human_ad_medulla	3130.7959007999393	2040	Bridge	0.12448167889207414	2	2	CATGCAAAGTCCGCCA_2
human_ad_medulla	3322.329401799902	2089	Bridge	0.08261419227464398	2	2	CATGCAATCCGAGATT_2
human_ad_medulla	3415.9009569000314	2457	Bridge	0.09937620390143369	2	2	CATGGTAGTTCGAACT_2
human_ad_medulla	3046.490067100074	1830	Connecting progenitor cells	0	2	2	CATTCATGTAGTGCGA_2
human_ad_medulla	2967.5821165999782	1679	Bridge	0.052904851098064185	2	2	CATTCCGCAAACTCGT_2
human_ad_medulla	3324.0964465000543	2063	SCPs	0	3	3	CATTCCGTCTGGGCCA_2
human_ad_medulla	3296.7774662999836	2175	Connecting progenitor cells	0	2	2	CATTCTATCCGCTTAC_2
human_ad_medulla	3273.893658599962	2544	Bridge	0.03326630653195196	2	2	CCACAAAAGGGATCTG_2
human_ad_medulla	3112.0300368999333	1925	SCPs	0.04647779689944262	3	3	CCACGAGCAAGTCCCG_2
human_ad_medulla	3330.0031831000747	2466	Connecting progenitor cells	0	0	0	CCATCACTCCTAGCGG_2
human_ad_medulla	3701.7284962998137	2985	Bridge	0	2	2	CCCTGATGTCCAGCCA_2
human_ad_medulla	3266.627928399904	2310	Bridge	0.0356881017842471	2	2	CCCTTAGTCGTCCATC_2
human_ad_medulla	3323.823772200029	2347	Bridge	0.07268884771230888	2	2	CCGAACGCAGATTAAG_2
human_ad_medulla	2869.617379099914	1586	Bridge	0	2	2	CCGATGGGTCGAGTGA_2
human_ad_medulla	2773.6835040000456	1523	Bridge	0	2	2	CCTAACCGTGGACTGA_2
human_ad_medulla	3441.9241618999054	2417	Bridge	0.08588258953295218	2	2	CCTATCGAGTCGGCAA_2
human_ad_medulla	2722.151506599946	1455	Bridge	0	2	2	CCTCAGTAGAGGCCAT_2
human_ad_medulla	3178.288001799895	2064	Bridge	0.08325492209961774	2	2	CCTCATGGTATCCTTT_2
human_ad_medulla	2755.043248799938	1496	Connecting progenitor cells	0	2	2	CGATCGGTCTGATGGT_2
human_ad_medulla	3125.2746420000785	2094	Bridge	0.04136362553956842	2	2	CGGAGAAGTTGCATTG_2
human_ad_medulla	3268.606705100116	2221	Bridge	0	2	2	CGGTCAGCAATAAGGT_2
human_ad_medulla	3593.693914699837	2518	SCPs	0	3	3	CTAACCCAGACGACGT_2
human_ad_medulla	3148.8808766999323	1980	Connecting progenitor cells	0.10488794366401606	2	2	CTATAGGCATCAACCA_2
human_ad_medulla	3713.5013307001636	2899	SCPs	0.06820270075202772	3	3	CTATCTACACGTCGGT_2
human_ad_medulla	3410.331100200124	2427	Connecting progenitor cells	0.06930993884615175	2	2	CTCACTGTCTGAATCG_2
human_ad_medulla	3678.175474100167	3092	Connecting progenitor cells	0	2	2	CTCAGAACATTGTGCA_2
human_ad_medulla	3404.1146722000994	2710	Bridge	0.0599044273288844	2	2	CTCAGGGCAAGCGAAC_2
human_ad_medulla	3396.546234200022	2265	Bridge	0.036973057730090825	2	2	CTCAGGGGTTTAGAGA_2
human_ad_medulla	3169.946929799937	2067	Bridge	0	2	2	CTCATTAAGGTTATAG_2
human_ad_medulla	2799.1845519999706	1535	Connecting progenitor cells	0	2	2	CTCCAACGTCACCGAC_2
human_ad_medulla	2994.297120599894	1752	Bridge	0.15232797936519385	2	2	CTCCATGAGAAGGTAG_2
human_ad_medulla	3821.0732633998773	2717	SCPs	0.06131535928508612	2	2	CTCCCAATCTACTATC_2
human_ad_medulla	3306.246247000087	2100	SCPs	0.04101619778715667	3	3	CTGGTCTCACTCACTC_2
human_ad_medulla	3460.848816399954	2470	Connecting progenitor cells	0.03338091784089339	2	2	CTGTATTAGACATACA_2
human_ad_medulla	3440.1955528001226	2197	SCPs	0.07802740741918397	3	3	CTTCAATCAGAGGCTA_2
human_ad_medulla	3438.2712348000227	2273	Connecting progenitor cells	0.03817688920857767	1	1	CTTTCAAGTTCCCACT_2
human_ad_medulla	3950.7595429998178	3369	SCPs	0	2	2	CTTTCAATCGACCAAT_2
human_ad_medulla	3013.68527259997	1629	SCPs	0	3	3	GAACTGTGTGACCGTC_2
human_ad_medulla	3626.8706424000893	3270	Bridge	0.04636083460884887	2	2	GACAGCCAGCGACTGA_2
human_ad_medulla	2969.6605244999255	1863	Bridge	0	2	2	GACAGCCCAATAGTAG_2
human_ad_medulla	2894.9680832999643	1567	SCPs	0	3	3	GACCTTCGTCGTGCCA_2
human_ad_medulla	3388.6014077999666	2688	Bridge	0	2	2	GAGACCCCAACTGATC_2
human_ad_medulla	3296.5856338000276	2098	Connecting progenitor cells	0.08162985279099343	2	2	GAGTCATAGAATCGCG_2
human_ad_medulla	2761.739377400036	1608	Bridge	0.05561458523454009	2	2	GAGTGAGTCTTTACAC_2
human_ad_medulla	2992.7566952000598	1832	Bridge	0.04885105435883984	2	2	GATAGCTTCGGACTTA_2
human_ad_medulla	3577.037295999932	2506	SCPs	0.03337215134253447	3	3	GATCAGTGTGACTATC_2
human_ad_medulla	3302.496138799907	2514	Bridge	0.06601189247089337	2	2	GATCCCTAGGAGATAG_2
human_ad_medulla	3063.0869261998982	2012	Connecting progenitor cells	0	0	0	GATCCCTGTAATGCTC_2
human_ad_medulla	3765.5629325001114	3003	SCPs	0.05364808492680637	2	2	GATGAGGCATTGCCGG_2
human_ad_medulla	3410.6795527999134	2252	Bridge	0.0750488036291389	2	2	GCAGCTGGTTGCATTG_2
human_ad_medulla	3258.24069620006	2039	Bridge	0	2	2	GCAGGCTAGCTTCATG_2
human_ad_medulla	3996.2074729000274	3227	SCPs	0.04953018113855863	2	2	GCATCTCGTCGTTGGC_2
human_ad_medulla	2908.0374560000587	1692	Connecting progenitor cells	0.15803823264097283	2	2	GCATTAGAGTTGCGAG_2
human_ad_medulla	3491.4191622998887	2679	Bridge	0	2	2	GCCAGTGTCCGTACGG_2
human_ad_medulla	2758.2767677000174	1427	Connecting progenitor cells	0.19361948599716533	2	2	GCTGGGTAGAGGTCAC_2
human_ad_medulla	3490.287856899956	2315	SCPs	0.0522323078996477	3	3	GGAAGTGTCAATCGGT_2
human_ad_medulla	3316.893553399959	2071	SCPs	0.04197447634618497	3	3	GGAGGTACATACTGAC_2
human_ad_medulla	2976.75993439994	1692	Connecting progenitor cells	0.10768430342523307	2	2	GGAGGTAGTCTCCTGT_2
human_ad_medulla	2959.817755100095	1654	Connecting progenitor cells	0	2	2	GGGAAGTTCCGAGGCT_2
human_ad_medulla	2851.204518399936	1641	Bridge	0.16500273725155815	2	2	GGGATGATCTCTCGCA_2
human_ad_medulla	2991.88480069991	1682	SCPs	0	3	3	GGGCTACGTCCGGCAT_2
human_ad_medulla	3092.0958537999195	1905	Connecting progenitor cells	0.04630914653697717	2	2	GGGTGTCCACCATATG_2
human_ad_medulla	2876.8690535000037	1583	Connecting progenitor cells	0.056495612757301264	2	2	GGTAATCCAGATTCGT_2
human_ad_medulla	3288.1632630000263	2196	Bridge	0.03893395484359165	2	2	GGTGTCGCAAACTGCT_2
human_ad_medulla	3426.4393583999336	2409	Bridge	0	2	2	GGTTAACAGCTTCTAG_2
human_ad_medulla	3729.6021122001625	3073	Bridge	0.05286095247401533	2	2	GTAGAGGGTGGACTGA_2
human_ad_medulla	3253.686330600128	2100	Bridge	0.12196982427829868	2	2	GTCAAGTTCATAGAGA_2
human_ad_medulla	2908.2914123000305	1705	Connecting progenitor cells	0.05286134647642386	2	2	GTCGAATGTCCTGGTG_2
human_ad_medulla	3377.159842100036	2275	Connecting progenitor cells	0.12566166241515714	2	2	GTCTACCTCACCCTCA_2
human_ad_medulla	2762.6640370999426	1555	Bridge	0	2	2	GTGAGGACAGAAATTG_2
human_ad_medulla	3472.9564883000926	2654	Bridge	0.0307512605930385	2	2	GTGCTTCTCTGAGAAA_2
human_ad_medulla	3191.163704899943	1941	SCPs	0.045821779614588845	3	3	GTGGGAATCGTGAGAG_2
human_ad_medulla	3142.0026615000766	1766	Neuroblasts	0	1	1	GTGTAACAGAGAGTTT_2
human_ad_medulla	2726.926082899975	1344	SCPs	0	3	3	GTGTTCCGTATTAAGG_2
human_ad_medulla	3309.382019400132	2472	Bridge	0.03294122871307568	2	2	GTTAGACAGCGATGGT_2
human_ad_medulla	2870.655531699961	1659	Connecting progenitor cells	0	2	2	GTTGTCCCAATAGGGC_2
human_ad_medulla	2103.434880699958	883	Connecting progenitor cells	0.2170421172478036	2	2	TAAGCCATCGCAGTTA_2
human_ad_medulla	2870.3077009000435	1781	Connecting progenitor cells	0.1504530820387604	2	2	TAATCTCCAAGTGTCT_2
human_ad_medulla	2711.5088574999513	1567	Bridge	0	2	2	TACTTGTCAACACAGG_2
human_ad_medulla	3030.6039921000106	1930	Bridge	0.04481743584911036	2	2	TAGACTGTCCGCGAGT_2
human_ad_medulla	2835.9498226999413	1588	Bridge	0.05732233296188332	2	2	TAGAGTCAGCTAAGTA_2
human_ad_medulla	3546.588076400126	2661	Bridge	0.031230754069535693	2	2	TATCCTAGTGGTCAAG_2
human_ad_medulla	3049.700778300082	1699	Bridge	0	2	2	TATCTTGAGGCACGAT_2
human_ad_medulla	2974.939930300108	1689	SCPs	0.05334889568139602	3	3	TATCTTGCAACGCCCA_2
human_ad_medulla	2902.970171400033	1718	Bridge	0	2	2	TCAATCTCATCATTGG_2
human_ad_medulla	2376.6113301000228	1064	SCPs	0.19942475826707975	3	3	TCAGCCTCACATACTG_2
human_ad_medulla	3338.9451095001327	2345	Connecting progenitor cells	0	2	2	TCAGCCTGTGCAAGAC_2
human_ad_medulla	2841.0670656999328	1597	Connecting progenitor cells	0.05670545125280596	2	2	TCATGGATCATACAGC_2
human_ad_medulla	2945.8832462999276	1843	Bridge	0.047268543373162206	2	2	TCATTGTGTAATGCTC_2
human_ad_medulla	2985.0815557999535	1941	Bridge	0	2	2	TCCAGAATCATGGTAC_2
human_ad_medulla	3087.8869626999276	1833	Bridge	0.09715678184595324	2	2	TCCGAAACAGCGAGTA_2
human_ad_medulla	3018.833361400052	1814	Connecting progenitor cells	0	2	2	TCCGAAACAGTTCACA_2
human_ad_medulla	3332.7767907001103	2482	Bridge	0.03304409713464954	2	2	TCCTCGAGTTGTACGT_2
human_ad_medulla	3071.7100728000914	1897	Bridge	0	2	2	TCCTCTTTCCACTTCG_2
human_ad_medulla	3145.851768999918	2147	Connecting progenitor cells	0	0	0	TCCTCTTTCTGATTCT_2
human_ad_medulla	3428.518069200107	2429	Connecting progenitor cells	0.033057547812907546	0	0	TCGATTTTCAGTCTTT_2
human_ad_medulla	3553.7789327001037	2763	Chromaffin cells	0	0	0	TCTATACGTTCCGCAG_2
human_ad_medulla	2811.6498521000403	1561	Connecting progenitor cells	0	2	2	TCTCACGTCAGTCATG_2
human_ad_medulla	3429.161932799891	2528	Bridge	0	2	2	TCTCTGGGTTCACGAT_2
human_ad_medulla	3187.554411800062	2127	Bridge	0.04035805303394115	2	2	TCTGCCAGTAGCGCTC_2
human_ad_medulla	3841.1448203000223	3107	SCPs	0.07273445628071322	2	2	TCTGGCTGTCTAGATC_2
human_ad_medulla	3247.810064100033	2026	Neuroblasts	0	1	1	TCTTGCGAGGCACAAC_2
human_ad_medulla	3043.5251498000425	1872	Connecting progenitor cells	0.04687360313397533	2	2	TGACAGTGTCTGTAGT_2
human_ad_medulla	3073.9138970000054	1761	Bridge	0.05112387830816321	2	2	TGACCCTCACCCTTAC_2
human_ad_medulla	3186.7380197000293	1877	SCPs	0.1594928597387002	3	3	TGACGCGCATAGTCGT_2
human_ad_medulla	2941.1298390999536	1694	Connecting progenitor cells	0	2	2	TGATGGTAGCCGTCGT_2
human_ad_medulla	2519.3454052000593	1271	Connecting progenitor cells	0	2	2	TGATGGTAGGACGGAG_2
human_ad_medulla	3205.361320500033	2089	Connecting progenitor cells	0.041025390541458824	2	2	TGCAGATTCTGCGGAC_2
human_ad_medulla	3281.2405993000966	2069	Bridge	0.04234075063853423	2	2	TGCATGAGTAGACAAT_2
human_ad_medulla	3171.935839599981	2042	Connecting progenitor cells	0.04235275768281047	2	2	TGCGGCAAGTTCCGTA_2
human_ad_medulla	2906.681632700016	1746	Bridge	0	2	2	TGCGGCAGTGTGTCCG_2
human_ad_medulla	3619.940732299963	2844	Connecting progenitor cells	0.12622106652826223	2	2	TGCTTCGCACTTCAAG_2
human_ad_medulla	2941.0385643999157	1713	Bridge	0.10258193267233061	2	2	TGGGCTGAGCCGATCC_2
human_ad_medulla	2527.8243848000166	1297	Bridge	0	2	2	TGGTTAGTCGTGTGAT_2
human_ad_medulla	2204.5697117000022	952	Connecting progenitor cells	0.09976372206910229	2	2	TGTAAGCCAGGCATGA_2
human_ad_medulla	3388.625548399933	2289	Connecting progenitor cells	0.07309655683761206	2	2	TGTAAGCGTCCACATA_2
human_ad_medulla	3746.9036960001495	3261	Connecting progenitor cells	0.02389838150780068	2	2	TGTGATGGTGGTCAAG_2
human_ad_medulla	3400.874787199917	2464	Connecting progenitor cells	0.03317998957935959	0	0	TGTTCCGAGTTCCGTA_2
human_ad_medulla	3339.788547299894	2471	Connecting progenitor cells	0.0650091456165785	0	0	TGTTCCGGTGCCGTTG_2
human_ad_medulla	2940.75186960009	1713	Connecting progenitor cells	0	2	2	TGTTGAGAGTCGAAGC_2
human_ad_medulla	3073.7216576999454	1938	Connecting progenitor cells	0.17081740589123134	2	2	TTCAGGAGTGCCGAAA_2
human_ad_medulla	3134.164173500056	1838	SCPs	0.04862619236369025	3	3	TTCCTTCCATCGTCCT_2
human_ad_medulla	3199.528047900086	1915	Neuroblasts	0	1	1	TTCCTTCGTGTCATGT_2
human_ad_medulla	3566.4547281000537	2478	Connecting progenitor cells	0.0340949820677462	2	2	TTCCTTCTCAAATGAG_2
human_ad_medulla	3298.0860775999054	2418	Connecting progenitor cells	0.06633952384869868	0	0	TTCGCTGCAATCAAGA_2
human_ad_medulla	3460.8674764998023	2567	Bridge	0.04546026135595342	2	2	TTCTTCCGTGGTAATA_2
human_ad_medulla	3636.6198964000146	2637	Neuroblasts	0.0955366493880569	1	1	TTGCATTAGCAGGTCA_2
human_ad_medulla	3136.069000300088	1749	SCPs	0	3	3	TTGCTGCGTTGGGTTT_2
human_ad_medulla	3162.08050290007	2013	Bridge	0	2	2	TTGGATGTCGAGCCTG_2
human_ad_medulla	3223.6950841000566	1983	Neuroblasts	0	1	1	TTGGGTAGTTGACGGA_2
human_ad_medulla	3063.858856800059	1865	Connecting progenitor cells	0.04664115962223173	0	0	TTTCATGAGAGGCGGA_2
human_ad_medulla	3160.1821358000166	1871	SCPs	0.09495125505607525	3	3	TTTCATGAGGTTCACT_2
human_ad_medulla	3679.106028859894	2960	Connecting progenitor cells	0	0	0	TTTGGAGAGTTGCTCA_2
human_ad_medulla	2497.826904299972	1294	Connecting progenitor cells	0	2	2	TTTGTTGCAACTCCCT_2
human_ad_medulla	3852.1048271801637	3034	SCPs	0.23854035967983891	2	2	AACACACAGCATTGTC_3
human_ad_medulla	3725.9003449998845	3078	Bridge	0.8484563802793006	2	2	ACAGAAACAACGGCTC_3
human_ad_medulla	3822.823103399888	3310	Bridge	0.08084177364240239	2	2	ACCCAAAGTATCCCTC_3
human_ad_medulla	3797.8066508500597	3037	Bridge	0.08850285991383137	2	2	ACGTCCTAGCGCCATC_3
human_ad_medulla	3502.3422416998915	2653	Bridge	0.4431271426080656	2	2	ACTGTGAGTATCCCAA_3
human_ad_medulla	3617.5185199999773	2715	SCPs	0.17590380988567927	3	3	AGTACTGCACTTCAAG_3
human_ad_medulla	2999.842753100032	1759	Chromaffin cells	0	2	2	ATAGACCGTGGATTTC_3
human_ad_medulla	2557.7558128999935	1340	Chromaffin cells	0	2	2	ATTCCTAGTTGAATCC_3
human_ad_medulla	3569.4361662001497	2625	Bridge	0.2705978829783169	2	2	CCTACGTTCCGTGACG_3
human_ad_medulla	3930.0452640001135	3557	Bridge	0.2097965149543316	2	2	CGCCAGAGTTGCATTG_3
human_ad_medulla	3205.1794487998895	1998	Bridge	0.21397446569077216	2	2	CGGGCATAGTCTACCA_3
human_ad_medulla	3351.1577615999777	2433	Bridge	0.09501618027316512	2	2	CGTCCATAGCCTGAAG_3
human_ad_medulla	3269.002033000112	2212	Chromaffin cells	0.16425909026040106	2	2	GACTATGGTAGATTAG_3
human_ad_medulla	3589.8789404999247	2947	Bridge	0.4241105550450614	2	2	GGAGATGTCCGATCTC_3
human_ad_medulla	3043.192125000061	1984	Chromaffin cells	0.08129098323031282	0	0	GTACAACAGGAAAGAC_3
human_ad_medulla	3104.203646200088	1990	Bridge	0.1628941260406621	2	2	GTACAACCAATCGAAA_3
human_ad_medulla	3217.9525279998825	2282	Bridge	0.10645398806206766	2	2	GTCTACCCAGACGGAT_3
human_ad_medulla	3869.3134228000317	3472	Connecting progenitor cells	0.04306840562928787	2	2	GTGAGGACAACTCATG_3
human_ad_medulla	3548.8572976001315	2693	Chromaffin cells	0.3469430880843301	0	0	TAACTTCAGAGCAACC_3
human_ad_medulla	2909.211962700022	1765	Chromaffin cells	0.46310965212366095	0	0	TACACCCGTACCGGCT_3
human_ad_medulla	3033.2802407999793	1856	Bridge	0.1998687005062576	2	2	TACACCCTCTCATAGG_3
human_ad_medulla	3711.8466782998908	2974	Bridge	0.1818252068291578	2	2	TACTTACTCTTGGGCG_3
human_ad_medulla	3086.1344039001074	1947	Bridge	0.10143901691526361	2	2	TCATATCGTTGGTGTT_3
human_ad_medulla	2958.255569399948	1777	Bridge	0.16643361212360328	2	2	TCATTACAGTGCAGGT_3
human_ad_medulla	3505.208320899925	2711	Connecting progenitor cells	0.10907276401245182	0	0	TCCTGCACAGGTGACA_3
human_ad_medulla	3131.9862618999546	2119	Bridge	0.09220924545971877	2	2	TCGCTTGGTATCGCTA_3
human_ad_medulla	2741.223107600014	1471	Chromaffin cells	0	0	0	TCTAACTCACACCTTC_3
human_ad_medulla	3050.7928539000136	1808	Bridge	0.1405940096692181	2	2	TGACGCGGTGTTACAC_3
human_ad_medulla	3023.7408590000277	1884	Bridge	0.18027522377703697	2	2	TGTCCCATCGTCAACA_3
human_ad_medulla	3252.157250799927	2239	Chromaffin cells	0.07252710795026396	0	0	TTGCGTCTCCGTGTCT_3
human_ad_medulla	3284.079936599845	2482	Bridge	0.2112890804717791	2	2	TTGTTGTAGCTGACTT_3
human_ad_medulla	3736.2350309001285	3036	Connecting progenitor cells	0.10135736560147968	2	2	AAACCCATCCTACGGG_4
human_ad_medulla	3253.2727523000976	2258	Connecting progenitor cells	0.11083945228541271	2	2	AAAGAACTCATTGTGG_4
human_ad_medulla	3412.1090491999175	2323	Bridge	0.20540747962446948	2	2	AAAGAACTCCGGACTG_4
human_ad_medulla	3091.3958188000684	1872	Connecting progenitor cells	0.24241481968843484	0	0	AACCACATCAAGTCGT_4
human_ad_medulla	3969.0714636998546	3607	SCPs	0.039833694466317605	3	3	AACCACATCGTACCTC_4
human_ad_medulla	3655.1678569999253	2664	Connecting progenitor cells	0.17952401248641572	2	2	AACTTCTAGCTATCTG_4
human_ad_medulla	3279.9915952998804	1995	Neuroblasts	0.2095789150755892	1	1	AACTTCTCAGTCGGAA_4
human_ad_medulla	3122.0890471999537	1804	Neuroblasts	0.06695129345765033	1	1	AAGACAACATGGCTAT_4
human_ad_medulla	2898.8126612999986	1590	Connecting progenitor cells	0.16820384652981862	2	2	AAGACTCAGATGAAGG_4
human_ad_medulla	2964.275759699903	1639	Neuroblasts	0.21883389150868723	1	1	ACAAAGATCGGTCTGG_4
human_ad_medulla	3630.039598600149	2834	Chromaffin cells	0.18270869834471365	0	0	ACAGGGAAGCCTGGAA_4
human_ad_medulla	3582.6951039000446	2593	Neuroblasts	0.031405614135994075	1	1	ACATCGAAGCCATCCG_4
human_ad_medulla	3188.7594456999477	1964	Connecting progenitor cells	0.04374685277314153	2	2	ACATCGAAGGGATCTG_4
human_ad_medulla	3581.4481003999035	2511	Chromaffin cells	0.06515299774243415	0	0	ACATGCAAGAGGTGCT_4
human_ad_medulla	3392.8814653999398	2281	Connecting progenitor cells	0.12548548021550568	2	2	ACATGCAAGCGCGTTC_4
human_ad_medulla	3332.250375299958	2148	Connecting progenitor cells	0.07832155168607546	2	2	ACCAACAAGTTGTAGA_4
human_ad_medulla	3203.65442710006	1982	Bridge	0.17549643158888678	2	2	ACGGTCGCACAGTATC_4
human_ad_medulla	3573.794721980103	3165	Bridge	0.07012413064988439	2	2	ACGTACAAGGTGATAT_4
human_ad_medulla	3731.1234832000737	2789	SCPs	0.029566595824747327	3	3	ACTATTCAGGCTCCCA_4
human_ad_medulla	2945.9028579000665	1682	Bridge	0.0534173248713886	2	2	ACTCCCATCGGCTGTG_4
human_ad_medulla	3191.0240522999475	1970	Connecting progenitor cells	0.13273605371125738	2	2	ACTTAGGCAACGCATT_4
human_ad_medulla	3015.5720728000592	1690	Connecting progenitor cells	0.20941911675605024	2	2	ACTTTGTGTTGCTCGG_4
human_ad_medulla	3167.5567046000374	2087	Chromaffin cells	0.09606696844861162	0	0	AGAACAACATCGTTCC_4
human_ad_medulla	3916.649606479776	3340	Connecting progenitor cells	0.21674282851229665	2	2	AGAACAATCAAGTCTG_4
human_ad_medulla	3377.520427000076	2229	SCPs	0.09199559757392195	3	3	AGACCATAGGCAGGGA_4
human_ad_medulla	3736.06554340004	2962	Connecting progenitor cells	0.06515495169243486	2	2	AGAGAGCGTAACGTTC_4
human_ad_medulla	2784.0515483000286	1537	Connecting progenitor cells	0.22860671541395308	2	2	AGAGAGCGTAGCGCTC_4
human_ad_medulla	3941.5817744999454	3458	Neuroblasts	0.0630952443024098	1	1	AGCTACACAGGCCCTA_4
human_ad_medulla	3370.2580711999058	2237	Connecting progenitor cells	0.22264601230755182	2	2	AGGATAACACTGGCGT_4
human_ad_medulla	3416.245224600056	2323	Connecting progenitor cells	0.15908137275585174	2	2	AGGATCTCAAGCGCAA_4
human_ad_medulla	3810.3343947998073	2904	SCPs	0.24120042095368022	3	3	AGGTGTTCAAACTCTG_4
human_ad_medulla	3340.3980086999563	2158	SCPs	0.11660114423059025	3	3	AGGTTACTCGATAACC_4
human_ad_medulla	3761.3429706998654	2928	SCPs	0.09219804487424174	3	3	AGTGACTGTTAAACAG_4
human_ad_medulla	2946.633905100037	1632	Connecting progenitor cells	0.18118547372849658	2	2	AGTGTTGGTAGCTGCC_4
human_ad_medulla	2946.2295127999264	1659	Connecting progenitor cells	0.2316133950309593	2	2	AGTTAGCCAAATAGCA_4
human_ad_medulla	3052.845926800033	1739	Connecting progenitor cells	0.17295929197234794	2	2	ATACCGAAGTCACGCC_4
human_ad_medulla	3786.3720072999877	3048	SCPs	0.11664111691839082	3	3	ATACCTTAGTGCAGCA_4
human_ad_medulla	3526.0014753998903	2417	SCPs	0.17165677162155926	3	3	ATCCATTAGAGAGAAC_4
human_ad_medulla	3532.691632700141	2632	Bridge	0.15295864914962592	2	2	ATCCATTTCCTCATAT_4
human_ad_medulla	3592.8435196001224	2933	Neuroblasts	0.07476941328908714	1	1	ATCCCTGTCCACAGGC_4
human_ad_medulla	3553.897830699931	2740	Bridge	0.08561315054464488	2	2	ATCGTGAGTTACAGCT_4
human_ad_medulla	3521.26553489994	2586	SCPs	0.09319108620115032	3	3	ATCTCTATCATGAGAA_4
human_ad_medulla	3201.895687000068	1988	Connecting progenitor cells	0.14803941987382738	2	2	ATGACCATCGTAACAC_4
human_ad_medulla	3443.0877737999517	2522	Connecting progenitor cells	0.1462197547884096	0	0	ATGAGTCGTTCCTACC_4
human_ad_medulla	3276.890695699923	2033	SCPs	0.16096562228705538	3	3	ATGGAGGTCATGAGTC_4
human_ad_medulla	3464.224079000089	2330	SCPs	0.10394925148835636	3	3	ATGGGTTGTCGGTAAG_4
human_ad_medulla	3116.269530499962	1774	Neuroblasts	0.15187151026826295	1	1	ATTACTCTCACTCACC_4
human_ad_medulla	3256.2860861999457	2024	SCPs	0.12694328110537467	3	3	ATTCACTAGCCTAACT_4
human_ad_medulla	2789.39688249997	1456	Bridge	0.34095645046667544	2	2	ATTCACTAGTCAACAA_4
human_ad_medulla	3180.412939999952	1849	SCPs	0.04699574326345253	3	3	ATTCCCGTCTGGGTCG_4
human_ad_medulla	3282.0407289000123	2056	SCPs	0.15191735910209356	3	3	ATTCCTAAGTCTTCGA_4
human_ad_medulla	1978.801272800009	795	Neuroblasts	0	1	1	ATTCCTATCCGCCTAT_4
human_ad_medulla	3891.841275600161	3214	SCPs	0.12641541500793357	3	3	CAACCTCAGAAGCTGC_4
human_ad_medulla	3188.381922100085	2002	Neuroblasts	0.16948859114219902	1	1	CAACGGCGTCTGTGTA_4
human_ad_medulla	3793.6471011999392	2732	SCPs	0.257279123219258	3	3	CACTTCGAGTGATGGC_4
human_ad_medulla	3224.936013700024	2082	SCPs	0.08037340861923535	3	3	CAGGCCAGTGCCCGTA_4
human_ad_medulla	3479.0127799999873	2683	Bridge	0.08521209571411839	2	2	CAGGTATTCTCCAATT_4
human_ad_medulla	3148.203195100086	2005	Connecting progenitor cells	0.18512705307811983	2	2	CATCCCAAGGGCAGTT_4
human_ad_medulla	3481.552041499933	2333	Connecting progenitor cells	0.1078257212660445	2	2	CATGCGGCAAGAGTAT_4
human_ad_medulla	3086.7691301000873	1873	SCPs	0.11021629919856324	3	3	CATGGATTCTTTCCGG_4
human_ad_medulla	3282.1251549000735	2128	Connecting progenitor cells	0.18548087939033348	2	2	CATTCTAAGACAGCTG_4
human_ad_medulla	2759.5291290000005	1471	Connecting progenitor cells	0.060644991292643086	0	0	CATTCTAGTCGTGGTC_4
human_ad_medulla	3227.9293023999817	1971	Connecting progenitor cells	0.08736281175375521	2	2	CATTGTTAGTATGACA_4
human_ad_medulla	3201.308291700088	2007	Connecting progenitor cells	0.10296442265638572	2	2	CATTTCATCAAGTGTC_4
human_ad_medulla	2987.6316611999728	1848	Connecting progenitor cells	0.15957217089087808	2	2	CCAATTTAGTGAGGCT_4
human_ad_medulla	3844.9762910000004	3113	SCPs	0.08561677240261557	3	3	CCCGGAAAGCCATTTG_4
human_ad_medulla	3386.1171353000245	2173	SCPs	0.19029575595083675	3	3	CCCTAACTCTCATGCC_4
human_ad_medulla	3603.427272499844	2988	Chromaffin cells	0.11541520573314638	0	0	CCGATGGCAACACAAA_4
human_ad_medulla	3483.034124300045	2561	Bridge	0.061737764353145305	2	2	CCGCAAGTCATTGGTG_4
human_ad_medulla	3687.0308918001456	2842	SCPs	0.10665376872066504	3	3	CCGGTGATCTCACCCA_4
human_ad_medulla	3163.557871899907	1901	Connecting progenitor cells	0.12775610763753006	2	2	CGCAGGTAGCCGTTGC_4
human_ad_medulla	3566.126306299849	2418	Connecting progenitor cells	0.060103922741422344	2	2	CGCCATTAGGTATAGT_4
human_ad_medulla	3894.754263020137	3071	SCPs	0.1071891769819321	3	3	CGGCAGTGTTCGCGTG_4
human_ad_medulla	3340.4268667999468	2415	Chromaffin cells	0.09823611564780665	0	0	CGGCAGTTCTACTGCC_4
human_ad_medulla	3177.836994999886	1928	Bridge	0.180667340994317	2	2	CGTAAGTGTAGTCGTT_4
human_ad_medulla	2944.866074300064	1650	Connecting progenitor cells	0.16030839368890673	2	2	CGTGAATCACAAAGTA_4
human_ad_medulla	3298.0860624000434	2192	Neuroblasts	0.1468431874841889	1	1	CGTTAGAGTATGTGTC_4
human_ad_medulla	3652.5506761000665	3145	Chromaffin cells	0.10731445632357914	0	0	CTAAGTGAGAGTCGAC_4
human_ad_medulla	3121.6773035999354	2176	Chromaffin cells	0.12838059191378884	0	0	CTCAATTTCCATGATG_4
human_ad_medulla	3605.857480499845	2383	SCPs	0.14049389437592935	3	3	CTCATCGGTGCTCGTG_4
human_ad_medulla	2782.414335499944	1609	Chromaffin cells	0.10633143893245513	0	0	CTCATTATCCAACTGA_4
human_ad_medulla	3582.9353782999196	2854	Connecting progenitor cells	0.07610628750144717	0	0	CTCCTCCGTACACGCC_4
human_ad_medulla	3132.6850957000092	1875	Neuroblasts	0.2690518945414975	1	1	CTGCAGGGTATTTCTC_4
human_ad_medulla	3305.1540013999193	2119	SCPs	0.11905345101418413	3	3	CTGCGAGGTACAGAAT_4
human_ad_medulla	3363.9476204000366	2648	Chromaffin cells	0.07243067594822569	0	0	CTGGCAGGTGCATTAC_4
human_ad_medulla	3071.354224300047	1857	Connecting progenitor cells	0.09291343790377518	2	2	CTGTAGAGTCTACAAC_4
human_ad_medulla	2909.193602600006	1610	SCPs	0.1628391247583582	3	3	CTGTATTCATGACGTT_4
human_ad_medulla	3532.372926300109	2568	Connecting progenitor cells	0.14981488111287805	2	2	CTGTATTTCATCTACT_4
human_ad_medulla	2984.6891530999847	1655	Connecting progenitor cells	0.2141445146259721	2	2	CTTCGGTAGTAGGGTC_4
human_ad_medulla	2918.5547833999494	1560	Neuroblasts	0.11448866469819843	1	1	GAACTGTAGAAGAACG_4
human_ad_medulla	3484.708447000051	2286	Neuroblasts	0.13591113207985206	1	1	GAAGGGTCACGTTCGG_4
human_ad_medulla	3601.1283260000855	2843	Neuroblasts	0.09574724330442864	1	1	GAATCGTGTGCACATT_4
human_ad_medulla	3347.788868699878	2109	Connecting progenitor cells	0.11511790471711177	2	2	GACACGCAGTGTAGAT_4
human_ad_medulla	2910.7558218000104	1516	SCPs	0.14032210704208734	3	3	GACGCTGTCTTGAGCA_4
human_ad_medulla	3642.7109632999177	2736	Connecting progenitor cells	0.12275370033611531	2	2	GACGTTAGTCTTGTCC_4
human_ad_medulla	3153.6637683000895	1820	Connecting progenitor cells	0.09613779472864528	2	2	GACTATGTCTGCGAGC_4
human_ad_medulla	3257.0385865000517	1991	SCPs	0.042202757612309245	3	3	GAGAGGTTCCGGACTG_4
human_ad_medulla	3375.149465400124	2357	Connecting progenitor cells	0.10427496429651513	2	2	GAGCTGCCAAAGAGTT_4
human_ad_medulla	2122.0758853999973	891	Neuroblasts	0.2116404710547589	1	1	GAGGCCTAGCATCGAG_4
human_ad_medulla	3550.8197099000895	2486	SCPs	0.1916375669828493	3	3	GAGGGATGTGAGTAAT_4
human_ad_medulla	3235.5136021000176	2084	Chromaffin cells	0.17923380684402185	0	0	GAGTGAGGTACTTCCC_4
human_ad_medulla	3093.5250954000694	2003	Chromaffin cells	0.22370784094463644	0	0	GAGTGAGTCTGAACGT_4
human_ad_medulla	3736.0083874998777	3352	Bridge	0.044011293055483104	2	2	GAGTGTTAGTGATAAC_4
human_ad_medulla	3570.0120047999617	2435	SCPs	0.11600412532035878	3	3	GATCATGGTTACCCAA_4
human_ad_medulla	3783.937260600191	3085	Bridge	0.07408618872172687	2	2	GATGAGGTCGAAGAAT_4
human_ad_medulla	3471.573425999829	2721	Chromaffin cells	0.058707771661578007	0	0	GATTCGATCGGTGTAT_4
human_ad_medulla	2943.3289697000446	1666	Connecting progenitor cells	0.1059501684012509	2	2	GATTTCTAGTCCTACA_4
human_ad_medulla	3676.243997999917	2846	Connecting progenitor cells	0.028135662392451005	0	0	GCATCGGTCGTGACTA_4
human_ad_medulla	3388.4834468000995	2371	Connecting progenitor cells	0.034758626343954595	2	2	GCCCAGATCTGCGGAC_4
human_ad_medulla	3294.6150118999567	2039	SCPs	0.15918773759776875	3	3	GCCGATGAGCTGACTT_4
human_ad_medulla	2254.067915599998	984	Connecting progenitor cells	0.38016157102875225	2	2	GCCGTGAAGTCAATCC_4
human_ad_medulla	3162.9455852000574	2015	Connecting progenitor cells	0.08527862169432149	2	2	GCCTGTTGTCCAATCA_4
human_ad_medulla	3867.0750715201	3419	Neuroblasts	0.10912912219056371	1	1	GCGAGAAAGGTATTGA_4
human_ad_medulla	3186.582284999935	1979	Neuroblasts	0.20960498749525105	1	1	GCTGGGTCATATCGGT_4
human_ad_medulla	3469.961719500098	2380	Connecting progenitor cells	0.10249096928113531	2	2	GCTTCACGTCCTGGTG_4
human_ad_medulla	3337.7204266000826	2105	SCPs	0.04028047374146021	3	3	GGCGTCAAGGAAGTGA_4
human_ad_medulla	2942.426240300011	1587	Connecting progenitor cells	0.1338600827458093	2	2	GGGACCTCATGTACGT_4
human_ad_medulla	3268.992175400044	1975	SCPs	0.29744107903256467	3	3	GGGACTCAGCCAGACA_4
human_ad_medulla	3770.7068455001686	2901	Connecting progenitor cells	0.05381152879655517	2	2	GGGAGATGTCAGACTT_4
human_ad_medulla	3745.209967299906	3232	Connecting progenitor cells	0.04447199528310519	2	2	GGGATCCTCGCCTCTA_4
human_ad_medulla	3132.458764699933	2092	Bridge	0.14085462352200054	2	2	GGGCGTTCAACGGTAG_4
human_ad_medulla	3482.97108799992	2774	Bridge	0.1116123074748902	2	2	GGGCTCAAGCTCCCTT_4
human_ad_medulla	3653.870134900021	2694	Bridge	0.19408293503003884	2	2	GGGTATTAGATCGCTT_4
human_ad_medulla	3522.042180100129	2620	Bridge	0.12434750568136275	2	2	GGGTCACGTACAGTTC_4
human_ad_medulla	3044.0447943000636	1722	Neuroblasts	0.25927520891869005	1	1	GGGTCTGTCCACAGGC_4
human_ad_medulla	3472.3042468999133	2396	Connecting progenitor cells	0.06965649977704033	2	2	GGGTGTCAGTAAGAGG_4
human_ad_medulla	2981.6250476999994	1868	Chromaffin cells	0.12833869915842674	0	0	GGGTTATCACATAGCT_4
human_ad_medulla	3130.746784800004	1886	Connecting progenitor cells	0.0904804059450933	2	2	GTACAGTGTGTACATC_4
human_ad_medulla	3445.702197500059	2261	Neuroblasts	0.24437537306936274	1	1	GTAGCTAGTATGCTAC_4
human_ad_medulla	3884.2375409398733	3400	SCPs	0.07534926865702998	3	3	GTAGGTTCATCGTCCT_4
human_ad_medulla	3377.6639252000214	2492	Bridge	0.16710973397584974	2	2	GTATTTCAGGCATCTT_4
human_ad_medulla	3207.6065864000807	2092	SCPs	0.03976619219477133	3	3	GTATTTCCAACTTCTT_4
human_ad_medulla	3648.6948412001216	2596	SCPs	0.1862571904688167	3	3	GTCACTCCACAATTCG_4
human_ad_medulla	3897.2170382997706	3319	SCPs	0.12827207083598605	3	3	GTCATTTTCCCATACC_4
human_ad_medulla	3410.518885800086	2773	Chromaffin cells	0.16166334169724306	0	0	GTCCACTAGCTACGTT_4
human_ad_medulla	3247.212863599855	1990	Bridge	0.17047223673114079	2	2	GTCCTCAAGAGATGCC_4
human_ad_medulla	3297.041308499907	2174	Connecting progenitor cells	0.10313594467965995	2	2	GTCGAATTCGTAGAGG_4
human_ad_medulla	2828.582597800024	1502	Connecting progenitor cells	0.0809386581739077	2	2	GTCGTAACAAACTGCT_4
human_ad_medulla	3589.721215799847	2675	SCPs	0.1137847329765383	3	3	GTCTCACGTGTCTTCC_4
human_ad_medulla	2767.2872070999997	1479	Chromaffin cells	0.0604749733134413	0	0	GTGAGTTAGCATTGTC_4
human_ad_medulla	3544.0498639000857	2538	Neuroblasts	0.07835432927414046	1	1	GTGCGTGCACGTACAT_4
human_ad_medulla	3625.9894749001814	2858	Connecting progenitor cells	0.14855153709866414	2	2	GTGTTAGGTACCTTCC_4
human_ad_medulla	3145.227310700078	1853	SCPs	0.15999882370600058	3	3	GTGTTCCTCTTCACGC_4
human_ad_medulla	2967.959871199923	1949	Chromaffin cells	0.0834335000290574	0	0	GTTAGACCAGCCGGTT_4
human_ad_medulla	3431.960425799929	2345	Neuroblasts	0.10509696361546182	1	1	GTTCTATAGCATGAAT_4
human_ad_medulla	3446.0999371000516	2252	Neuroblasts	0.126621403315191	1	1	GTTGCTCAGTGATCGG_4
human_ad_medulla	3305.347622600127	2184	Connecting progenitor cells	0.13115091043252844	2	2	GTTGTGAAGACATATG_4
human_ad_medulla	3568.293667350028	2836	Connecting progenitor cells	0.15615369191678746	0	0	TAACACGGTCACTACA_4
human_ad_medulla	3447.6763324000954	2282	SCPs	0.2105510378622628	3	3	TAAGCCAAGATCACCT_4
human_ad_medulla	3185.151225900087	1954	Connecting progenitor cells	0.17748480995286126	2	2	TACCTCGGTCTCTCTG_4
human_ad_medulla	2952.4331831000245	1650	Neuroblasts	0.21774605558557703	1	1	TAGAGTCGTATTAAGG_4
human_ad_medulla	3090.074858199925	1814	Neuroblasts	0.04804245101249101	1	1	TAGGTTGTCTCGTGAA_4
human_ad_medulla	3356.6939681999265	2188	Bridge	0.11633008659690316	2	2	TATACCTGTTAAGAAC_4
human_ad_medulla	3007.707861499953	1747	Connecting progenitor cells	0.15098373941594562	2	2	TATCCTATCCCGAGGT_4
human_ad_medulla	2584.9748480999615	1195	Neuroblasts	0.07895436590031672	1	1	TATTTCGGTCCACAGC_4
human_ad_medulla	3509.6901079999966	2432	SCPs	0.10213356420925364	3	3	TCAAGACAGGAAAGAC_4
human_ad_medulla	3528.7538976999635	2349	SCPs	0.13927337928562655	3	3	TCAAGTGGTCGTCATA_4
human_ad_medulla	3921.3199139000685	3205	Neuroblasts	0.05947755478283164	1	1	TCACACCGTTCCTAGA_4
human_ad_medulla	3340.2837812000334	2190	SCPs	0.0770823010455413	3	3	TCACTCGGTAGTTAGA_4
human_ad_medulla	3209.174767000029	1977	Connecting progenitor cells	0.14785979401289356	2	2	TCAGGTAGTGACACAG_4
human_ad_medulla	2884.205125599974	1589	Neuroblasts	0.22586321417221944	1	1	TCAGTGAAGGAGGTTC_4
human_ad_medulla	3033.693855999887	1884	Connecting progenitor cells	0.09157653118179712	2	2	TCATGTTCAGCTGTCG_4
human_ad_medulla	3432.3468380999825	2454	Chromaffin cells	0.13076592231817036	0	0	TCCATGCGTCCTTGTC_4
human_ad_medulla	3726.7309906499067	3168	Bridge	0.16680104133075482	2	2	TCCCACACAGCTACCG_4
human_ad_medulla	3083.71643310001	1850	Neuroblasts	0.23011201431600198	1	1	TCCGATCAGCAACTTC_4
human_ad_medulla	3078.5164226000734	1842	Bridge	0.1626905987322921	2	2	TCCGTGTTCTTCGACC_4
human_ad_medulla	3907.9267049798605	3450	Bridge	0.10341473945378991	2	2	TCCTCCCCACCGCTGA_4
human_ad_medulla	2895.7704445000354	1739	Chromaffin cells	0.06958014934598437	0	0	TCGAACAGTCCTGGTG_4
human_ad_medulla	2973.90104730006	1668	Connecting progenitor cells	0.05254045696707228	2	2	TCGACCTAGGGAGATA_4
human_ad_medulla	3146.716267100007	1961	Chromaffin cells	0.12945017453874372	0	0	TCGCAGGAGAAGCTCG_4
human_ad_medulla	3403.832704900105	2264	Neuroblasts	0	1	1	TCGGATAAGGACTGGT_4
human_ad_medulla	3287.2314578999235	2069	Neuroblasts	0.12210751057257013	1	1	TCGGGACAGCGACTTT_4
human_ad_medulla	3041.445795699967	1827	Connecting progenitor cells	0.04790226089380955	2	2	TCGTGGGTCCCTATTA_4
human_ad_medulla	3488.900495899923	2577	Bridge	0.13887135519324306	2	2	TCTACATAGCCTGACC_4
human_ad_medulla	3373.045400900135	2249	Bridge	0.07598630600453882	2	2	TCTCCGAGTCATCCGG_4
human_ad_medulla	2959.9972919998922	1806	Chromaffin cells	0.15915455438869947	0	0	TCTGCCACAGGGAGAG_4
human_ad_medulla	3703.0282009001594	3124	Connecting progenitor cells	0.07196646245773086	0	0	TGAACGTGTACAAACA_4
human_ad_medulla	3497.819766300055	2805	Bridge	0.11467002498652833	2	2	TGACAGTGTTGGAGGT_4
human_ad_medulla	3796.0817884998883	3106	Bridge	0.12026535528898905	2	2	TGACTCCTCCCACAGG_4
human_ad_medulla	3127.6574720000103	1821	Connecting progenitor cells	0.09794248338968972	2	2	TGAGGAGAGTTGCATC_4
human_ad_medulla	3218.426838100068	2008	Neuroblasts	0.08525397462879	1	1	TGATCTTCACCGCTAG_4
human_ad_medulla	3365.329053700036	2245	Bridge	0.0545303853120204	2	2	TGATCTTCATGGCCCA_4
human_ad_medulla	3479.7681858999135	2240	SCPs	0.09199238940602442	3	3	TGATCTTTCATCTACT_4
human_ad_medulla	3197.6978199999326	1973	Connecting progenitor cells	0.04386885750198965	2	2	TGATGGTAGGTCATTC_4
human_ad_medulla	2887.9899522000637	1801	Chromaffin cells	0.09522204181856846	0	0	TGATTCTCAGAATGTA_4
human_ad_medulla	3368.59947280006	2407	Connecting progenitor cells	0.11686107332694617	2	2	TGATTCTGTCGTCTCT_4
human_ad_medulla	2991.9903284000443	1874	Chromaffin cells	0.19628454825722869	0	0	TGCTTGCGTCACAGTT_4
human_ad_medulla	3656.532314299872	2721	Neuroblasts	0.0858569412260509	1	1	TGGAGGAAGTGGTTCT_4
human_ad_medulla	3818.684457100105	3089	SCPs	0.09849642310735181	3	3	TGGAGGACACACTGGC_4
human_ad_medulla	2899.45233659997	1616	Connecting progenitor cells	0.1090719774931179	2	2	TGGGAGAGTACTGTTG_4
human_ad_medulla	3248.4370526999223	2088	Chromaffin cells	0.12073100190568128	0	0	TGGGTTATCGCTACAA_4
human_ad_medulla	3169.962707400038	2050	Bridge	0.31519965129795074	2	2	TGGTTAGCAGGCGAAT_4
human_ad_medulla	2538.6318140999842	1221	Connecting progenitor cells	0.5383316526679971	2	2	TGTCAGACATCCGTGG_4
human_ad_medulla	3279.014193500059	1959	Neuroblasts	0.10658840717823617	1	1	TGTCAGATCACGGACC_4
human_ad_medulla	3559.8798333000354	2577	Chromaffin cells	0.03167812827419544	0	0	TGTTACTGTACGACTT_4
human_ad_medulla	3149.3811503999555	1822	SCPs	0.04834670455199221	3	3	TGTTACTGTGAGTAGC_4
human_ad_medulla	3590.952786200126	2571	SCPs	0.1800787140630374	3	3	TGTTCCGTCACGGGCT_4
human_ad_medulla	3270.677790099947	2041	SCPs	0.04087050714827985	3	3	TTACGCCTCATTGCCC_4
human_ad_medulla	3525.297062699882	2496	Neuroblasts	0.09733396757696493	1	1	TTCATGTTCGATGCTA_4
human_ad_medulla	3561.3441015000403	2424	SCPs	0.06832535499658941	3	3	TTCCGTGCATGGAGAC_4
human_ad_medulla	3373.967197099994	2252	Connecting progenitor cells	0.16816199650301011	2	2	TTCTAGTTCTGAGAAA_4
human_ad_medulla	3001.6472312999153	1864	Chromaffin cells	0.2661993360405524	0	0	TTCTCTCAGACTTGTC_4
human_ad_medulla	2958.476356099957	1634	Connecting progenitor cells	0.05470581492608413	2	2	TTCTCTCAGGTACAGC_4
human_ad_medulla	3503.0705931001403	2435	Connecting progenitor cells	0.10276875684694738	0	0	TTGAACGTCGCACTCT_4
human_ad_medulla	3666.147684200014	2728	SCPs	0.10118862685177112	3	3	TTGAGTGCACTTGTGA_4
human_ad_medulla	3687.310034599892	2822	Connecting progenitor cells	0.21912050042400946	2	2	TTGGGATGTTATCTTC_4
human_ad_medulla	3241.146471300085	2027	SCPs	0.18435393318103402	3	3	TTGTGTTAGAAGAACG_4
human_ad_medulla	3001.6367678999327	1597	Bridge	0.13392454886580116	2	2	TTTACTGGTGGCTAGA_4
human_ad_medulla	3535.9469576000392	2619	Connecting progenitor cells	0.06224541901765024	2	2	TTTCATGTCAGAGTTC_4
human_ad_medulla	2860.9939217999495	1585	Connecting progenitor cells	0.16987966534868595	2	2	TTTCGATAGAATTGCA_4
human_ad_medulla	3664.116798600091	2703	Connecting progenitor cells	0.1502433138076622	2	2	TTTCGATAGGGTACAC_4
human_ad_medulla	3255.775156400062	2025	Neuroblasts	0.2043090318114903	1	1	TTTGATCCAATGACCT_4
human_ad_medulla	2932.990129300074	1676	Connecting progenitor cells	0.05087809144301855	1	1	AACCCAAGTCCTTTGC_5
human_ad_medulla	3709.2749584999106	2888	Bridge	0.10863791024081067	2	2	AAGCCATGTGCAGGAT_5
human_ad_medulla	3660.851969100082	2714	Connecting progenitor cells	0.1298304504010952	2	2	AGACTCAGTACTAACC_5
human_ad_medulla	3719.089336960206	3297	Neuroblasts	0.038943928170970345	1	1	AGATCCAGTAGACAGC_5
human_ad_medulla	3700.7445485000994	2976	Neuroblasts	0.0357342821875122	1	1	ATGGGTTTCCCAGGCA_5
human_ad_medulla	3239.9073302999946	2241	Chromaffin cells	0.10400330801091141	0	0	CACGTGGTCCCATGGG_5
human_ad_medulla	3019.6330175000303	2062	Chromaffin cells	0.14223785059668947	0	0	CATCCGTCAGGAATCG_5
human_ad_medulla	3654.120208400104	3125	Bridge	0.022692244718546146	2	2	CATTCCGAGTGCACCC_5
human_ad_medulla	3005.130669199942	1970	Chromaffin cells	0.0784889530486858	0	0	CCTCATGTCTATCGCC_5
human_ad_medulla	3875.5067410997735	3481	Connecting progenitor cells	0.07816229985811847	2	2	CGACAGCCATGTGCCG_5
human_ad_medulla	3538.99176409991	2454	SCPs	0.08057902335145116	3	3	CGAGGCTGTAACCCGC_5
human_ad_medulla	3375.925749799953	2326	Bridge	0.06837073357246597	2	2	CGAGGCTGTCTCGGAC_5
human_ad_medulla	3723.0699566000503	3054	Neuroblasts	0.058680641929036235	1	1	CGGAGAACACTGCATA_5
human_ad_medulla	3313.7901947001346	2293	Bridge	0.13776359189248868	2	2	GCAACCGAGGAATCGC_5
human_ad_medulla	3910.547501520146	3074	SCPs	0.04697173680375859	3	3	GGGATGATCCATTTAC_5
human_ad_medulla	3594.0512888998087	3127	Bridge	0.06304726638148897	2	2	GTAGTACTCCTTTGAT_5
human_ad_medulla	3956.902488500167	3907	Bridge	0.05886058114317622	2	2	TACATTCCAGGCTCTG_5
human_ad_medulla	3534.848547700067	2859	Bridge	0.07392713053294107	2	2	TATACCTAGTAGGTTA_5
human_ad_medulla	3661.4519837998814	2788	Bridge	0.14145129918172566	2	2	TCACACCCAGGCTCTG_5
human_ad_medulla	3751.9208680000825	2886	Neuroblasts	0.02573800018641488	1	1	TCATGCCCATAGGTTC_5
human_ad_medulla	3655.8773682398983	3015	Connecting progenitor cells	0.02310983342438416	2	2	TCTTTGATCATCTATC_5
human_ad_medulla	3706.9893226999748	3069	SCPs	0.06611993956904032	3	3	TGAATCGCAGATACCT_5
human_ad_medulla	3387.974064700013	2265	SCPs	0.03504171452697117	3	3	TGTCCCAGTGTGAGCA_5
human_ad_medulla	3683.158795450188	3201	Bridge	0.12095740497269176	2	2	TGTGCGGTCAGCTAGT_5
human_ad_medulla	3894.1574068999275	3377	Bridge	0.07348072769040828	2	2	TTGCATTTCAGCCCAG_5
human_ad_medulla	3816.799431259896	3323	SCPs	0.02002088592189288	3	3	TTGGATGGTATGTCAC_5
human_ad_medulla	3687.4084187999233	3234	SCPs	0.0760367141785856	3	3	AACCCAATCCCGTTGT_6
human_ad_medulla	3939.875762400036	3759	Chromaffin cells	0.15179593623421372	0	0	AACCTGATCTCTCAAT_6
human_ad_medulla	3849.8473559998697	3107	SCPs	0.049193140009784433	3	3	AAGCATCTCTGGTCAA_6
human_ad_medulla	3652.9791499002094	3496	Chromaffin cells	0.27058750938312964	0	0	AAGCGTTAGGACTTCT_6
human_ad_medulla	2911.7093353999812	1506	SCPs	0.3193674343432563	3	3	AATGCCATCACTTATC_6
human_ad_medulla	3887.1048270000497	3138	Late SCPs	0.12118635101579009	3	3	AATGGAACAGTTGGTT_6
human_ad_medulla	3491.408525299919	3088	Chromaffin cells	0.0985112133133875	0	0	ACACAGTTCCATAGAC_6
human_ad_medulla	3684.5332627600665	2915	Neuroblasts	0.17828461928660203	1	1	ACAGCCGTCTTGTTAC_6
human_ad_medulla	3681.487767700168	3001	Chromaffin cells	0.16135388665737352	0	0	ACCATTTGTTAGGCTT_6
human_ad_medulla	3732.69389549993	3654	Chromaffin cells	0.08903303064863016	0	0	ACCCTTGAGGTAGGCT_6
human_ad_medulla	3665.682319400147	2954	Chromaffin cells	0.14863266986244397	0	0	ACGGGTCCAATTAGGA_6
human_ad_medulla	3418.894740200013	3063	Chromaffin cells	0.1669324747817803	0	0	ACGGGTCGTACCGTGC_6
human_ad_medulla	3645.6189174000906	3448	Chromaffin cells	0.07548108736396508	0	0	AGGATAAAGACATGCG_6
human_ad_medulla	3516.695042100083	2594	Chromaffin cells	0.18592877465130844	0	0	AGGATAAAGGCAGGGA_6
human_ad_medulla	2896.14072650004	1838	Chromaffin cells	0.2573392008131722	0	0	AGGGTCCGTAGGTAGC_6
human_ad_medulla	3183.8358875999916	2460	Chromaffin cells	0.14804369843173862	0	0	AGGTTACTCCTGTAGA_6
human_ad_medulla	3539.057574100149	2528	Neuroblasts	0.14261919153104935	1	1	ATAGACCCAGGTCCGT_6
human_ad_medulla	3584.077779900118	2960	Late SCPs	0.27456996204681267	3	3	ATCAGGTGTGGTCTCG_6
human_ad_medulla	3367.347997500007	2635	Chromaffin cells	0.1512247710596175	0	0	ATCCATTGTACACGTT_6
human_ad_medulla	3353.228745999866	2458	Bridge	0.14447385093483847	2	2	ATCGTAGAGCCGTAAG_6
human_ad_medulla	3423.8241910800566	2910	Chromaffin cells	0.17648276905520333	0	0	ATGAAAGCAACCCTCT_6
human_ad_medulla	3709.1337097498554	3013	Chromaffin cells	0.18095237527720842	0	0	ATGTCCCCAAAGTATG_6
human_ad_medulla	3344.7927569999506	2724	Chromaffin cells	0.14449864464353335	0	0	ATTACCTAGGGCCAAT_6
human_ad_medulla	3439.6565759001173	2666	Bridge	0.10017268363770673	2	2	ATTACCTCATTGAAAG_6
human_ad_medulla	3849.503057199827	3480	Bridge	0.16796036797287756	2	2	ATTCCATGTAACGCGA_6
human_ad_medulla	3730.455276259992	3757	Chromaffin cells	0.05810809886382681	0	0	CAATACGTCACTACGA_6
human_ad_medulla	3804.4471735298084	3205	Chromaffin cells	0.14898736114506309	0	0	CACAGATCATTGACTG_6
human_ad_medulla	3134.4574194000797	2169	Bridge	0.1704707860099975	2	2	CACGTTCAGCCGATTT_6
human_ad_medulla	3320.929762300069	2491	Chromaffin cells	0.1920631526871684	0	0	CAGCAATCAATGAAAC_6
human_ad_medulla	3702.608435399868	3624	Late SCPs	0.24387218247734674	3	3	CAGTTAGAGCAGGCAT_6
human_ad_medulla	3515.8008477001313	2977	Chromaffin cells	0.2073887690416159	0	0	CCACGTTGTAATCAGA_6
human_ad_medulla	3489.024181599859	2759	Chromaffin cells	0.07586670834669422	0	0	CCCTGATTCGGCTTGG_6
human_ad_medulla	3727.159474450175	3438	Chromaffin cells	0.09890087277641324	0	0	CCGAACGTCTATGTGG_6
human_ad_medulla	3560.0004101999843	2813	Neuroblasts	0.16170797013129024	0	0	CCGGGTACACCAGTTA_6
human_ad_medulla	3351.9706533401336	2600	Chromaffin cells	0.13555808328668328	0	0	CCGGGTAGTTCAACGT_6
human_ad_medulla	3662.4032875999096	2760	Neuroblasts	0.050293333512352906	1	1	CCTAAGAGTCCTTGTC_6
human_ad_medulla	3764.4738079998815	3254	SCPs	0.06526809390408374	3	3	CCTATCGGTCAACGCC_6
human_ad_medulla	3586.9750818999646	2909	Chromaffin cells	0.22193457769389696	0	0	CGAGTTAAGCGTGAAC_6
human_ad_medulla	3545.964299600087	2658	Chromaffin cells	0.2261623643786953	0	0	CGCCAGAGTCACCACG_6
human_ad_medulla	3688.857970499963	3541	Bridge	0.13498790519508969	2	2	CGCCATTAGGATTTAG_6
human_ad_medulla	3651.74842380002	2610	SCPs	0.11809434001240401	3	3	CGCGTGACAGAGCGTA_6
human_ad_medulla	3990.9544119001785	3365	Neuroblasts	0.16166182907932883	1	1	CGCGTGAGTTTCAGAC_6
human_ad_medulla	3995.6431437498736	3428	Neuroblasts	0.13305202088219314	1	1	CGGAACCTCTGGGCAC_6
human_ad_medulla	3562.098558999983	2665	Chromaffin cells	0.1518222533830801	0	0	CGGTCAGCATACTGAC_6
human_ad_medulla	3889.6254245999417	3615	Chromaffin cells	0.18380574527263976	0	0	CGTGATACATCATGAC_6
human_ad_medulla	3455.0022584999297	2558	Bridge	0.09170125698776195	2	2	CGTGTCTCAGTCTCTC_6
human_ad_medulla	3771.8151648001362	2813	Neuroblasts	0.17191714643163325	1	1	CGTTGGGTCTAGCATG_6
human_ad_medulla	3515.2855637000744	2401	Neuroblasts	0.20327906141652183	1	1	CTACCTGTCTGGGTCG_6
human_ad_medulla	3942.9467961001023	3282	SCPs	0.15585513368017523	3	3	CTCAAGACACTGCGTG_6
human_ad_medulla	3294.747323200036	2265	Chromaffin cells	0.2437413195073238	0	0	CTGCAGGTCTGTCAGA_6
human_ad_medulla	3910.048692100001	3130	Neuroblasts	0.06765861523272153	1	1	CTGGACGCACACGTGC_6
human_ad_medulla	3269.3991825999237	2372	Chromaffin cells	0.11107818584306527	0	0	CTGTACCCAAATGGAT_6
human_ad_medulla	3740.922055599942	3009	Neuroblasts	0.1747731789870576	1	1	CTTCTAAGTCCTGTCT_6
human_ad_medulla	3893.525334100025	3132	Neuroblasts	0.17166342392748113	1	1	GAAATGACATACTTTC_6
human_ad_medulla	3642.7479288201826	2882	Neuroblasts	0.21093788535866886	1	1	GAAGCCCAGTCCCGGT_6
human_ad_medulla	3117.49327880006	2419	Chromaffin cells	0.13643657322132727	0	0	GAAGTAAAGCGGTAAC_6
human_ad_medulla	3505.6050232798716	3253	Chromaffin cells	0.09788165886382737	0	0	GACCAATGTTGCTAGT_6
human_ad_medulla	3625.34631799993	2705	Neuroblasts	0.08559201046789648	1	1	GAGACTTCAGTGTGCC_6
human_ad_medulla	2768.5417904999613	1366	SCPs	0.6085106556024816	3	3	GAGGCCTCAATCTCTT_6
human_ad_medulla	3375.511551600076	2708	Chromaffin cells	0.19883474245017746	0	0	GATCATGGTCTATGAC_6
human_ad_medulla	3177.611190700049	2373	Chromaffin cells	0.11217291814782206	0	0	GCGTGCAAGTCGTCTA_6
human_ad_medulla	3304.0801566999216	2334	Chromaffin cells	0.10349485599088525	2	2	GGCACGTAGACATAGT_6
human_ad_medulla	3292.607705360099	2578	Chromaffin cells	0.23200164682736063	0	0	GGGATCCAGACGACGT_6
human_ad_medulla	2143.660363999981	877	SCPs	0.3823729979643395	3	3	GGGATCCCAGCAGATG_6
human_ad_medulla	3120.224575399927	2111	Chromaffin cells	0.15400420975737286	0	0	GGGTCACTCCGAACGC_6
human_ad_medulla	2624.7262059999875	1237	SCPs	0.5474128717561205	3	3	GGTCTGGTCCAAGCCG_6
human_ad_medulla	3834.382085800124	3127	Neuroblasts	0.19074218052199737	2	2	GGTGTTATCGACCACG_6
human_ad_medulla	3544.4939884500864	2747	SCPs	0.0794519939708358	3	3	GTAGATCCACGCGCAT_6
human_ad_medulla	3564.364896220097	3014	Chromaffin cells	0.08482205801112541	0	0	GTCATGACACGTCGGT_6
human_ad_medulla	2911.205869199941	1946	Chromaffin cells	0.11782059923308118	0	0	GTGAGCCGTCGTATTG_6
human_ad_medulla	2964.8485490000407	2003	Chromaffin cells	0.1475324229116278	0	0	GTGCTGGTCTCCGAGG_6
human_ad_medulla	3803.3783497001423	3318	SCPs	0.11081140797712848	3	3	TAATCTCTCTATTTCG_6
human_ad_medulla	3019.0406625999085	1814	Neuroblasts	0.2918014092732832	1	1	TACGCTCGTATCGATC_6
human_ad_medulla	3690.190666860072	2947	Chromaffin cells	0.051484296924325865	0	0	TCAGGTATCAGGAAAT_6
human_ad_medulla	3759.445765399935	2880	Neuroblasts	0.1333819614090525	1	1	TCATTGTAGCAGTAAT_6
human_ad_medulla	3499.350104719916	3012	Chromaffin cells	0.11815628606074947	0	0	TCGACCTCAGCTACCG_6
human_ad_medulla	3951.574121000206	3926	Bridge	0.11649340893129512	2	2	TCGACCTCAGGAACCA_6
human_ad_medulla	3340.276048400107	2110	Neuroblasts	0.12097543859991683	1	1	TCGCACTGTGCGTGCT_6
human_ad_medulla	2534.1652301999907	1177	SCPs	0.25846115012331305	3	3	TCTAACTAGGTAAGTT_6
human_ad_medulla	3610.1058506001755	3032	Bridge	0.02322802529074296	2	2	TCTAACTCAGCTTCCT_6
human_ad_medulla	3354.06011880013	2536	Chromaffin cells	0.29667795887808207	0	0	TCTACCGCACAATGCT_6
human_ad_medulla	3221.6796789001137	2520	Chromaffin cells	0.1015366245571871	0	0	TCTATACGTCTCTCCA_6
human_ad_medulla	3249.300628699988	2385	Chromaffin cells	0.12483621442017463	0	0	TGAATCGAGTCACTAC_6
human_ad_medulla	3391.1705240799574	2961	Chromaffin cells	0.15055808263682638	0	0	TGACCCTTCCGTCACT_6
human_ad_medulla	3262.8671281999727	2351	Chromaffin cells	0.1778509228845419	0	0	TGATCTTTCGCTGATA_6
human_ad_medulla	3246.4940575999203	2334	Chromaffin cells	0.14398921473633794	0	0	TGCGACGGTAGGAGTC_6
human_ad_medulla	3990.8373444000695	3547	Chromaffin cells	0.25989963270625893	0	0	TGCGGGTCAACCGTAT_6
human_ad_medulla	3558.0021798000344	3560	Chromaffin cells	0.08206301605369161	0	0	TGGAACTGTACCTGTA_6
human_ad_medulla	3976.4518923001096	3680	Bridge	0.17595447372438483	2	2	TGGAGAGAGCTGAAAT_6
human_ad_medulla	3491.7239908500487	2679	Chromaffin cells	0.17565264940963637	0	0	TGGAGAGCAAAGGCAC_6
human_ad_medulla	3669.3625551999667	2791	Neuroblasts	0.09722019141838635	1	1	TGGGCGTAGAGTCTTC_6
human_ad_medulla	3975.744491299835	3850	Bridge	0.10867965256457776	2	2	TGGGCTGGTTGTGCAT_6
human_ad_medulla	3661.4423242001494	3630	Chromaffin cells	0.09401862695603183	0	0	TGTACAGCATCGCTAA_6
human_ad_medulla	2938.8117413000514	1805	Chromaffin cells	0.13407659785165196	0	0	TGTGCGGGTTAGAGTA_6
human_ad_medulla	3677.5892125000723	2855	SCPs	0.15849205724740484	3	3	TGTTTGTTCATTCTTG_6
human_ad_medulla	2958.3939558000684	1604	SCPs	0.3918574224123195	3	3	TTACCATGTCCAAATC_6
human_ad_medulla	3216.4146965999116	2380	Chromaffin cells	0.13988973202853394	0	0	TTAGGGTGTGGTCTCG_6
human_ad_medulla	3613.7459076000523	3058	Chromaffin cells	0.11310971785270243	0	0	TTCACGCCACGGATCC_6
human_ad_medulla	3973.9162687997728	3459	Late SCPs	0.11360372978778194	3	3	TTCTTGATCCCATTTA_6
human_ad_medulla	3514.8956471199554	2796	Bridge	0.2060692716705512	2	2	TTGAGTGAGAATCGAT_6
human_ad_medulla	3801.4101646498743	3090	Neuroblasts	0.1185510456595277	1	1	TTGGGTATCCTACTGC_6
human_ad_medulla	3765.971690500131	2939	Neuroblasts	0.11718720380008779	1	1	TTTGATCCAGACGCTC_6
human_ad_medulla	3275.23673839992	2103	Chromaffin cells	0.15762180301269077	0	0	TTTGATCCAGGACATG_6
human_ad_medulla	3378.644323800028	2233	Bridge	0.17163835977495537	2	2	AAACCCAGTACTCCGG_7
human_ad_medulla	2214.7870385000024	920	SCPs	1.054651255130143	3	3	AAACGAAGTGCACATT_7
human_ad_medulla	3720.8980924001435	3011	Chromaffin cells	0.2480484353723991	0	0	AAAGGTATCTACGCAA_7
human_ad_medulla	3005.999633199964	1752	Neuroblasts	0.16804590540227682	1	1	AACAAGAAGTGGAATT_7
human_ad_medulla	3961.8105027999027	3067	Bridge	0.1441471770536228	2	2	AACAGGGAGATAACAC_7
human_ad_medulla	3892.191775700073	3065	Neuroblasts	0.1356143403044574	1	1	AACCTGACAAATAAGC_7
human_ad_medulla	3972.9144010997647	3429	Neuroblasts	0.13879247683951132	1	1	AAGAACACACGCTGTG_7
human_ad_medulla	3266.4021659000464	2173	Chromaffin cells	0.14148538561008964	0	0	AAGCCATCAGTGGCTC_7
human_ad_medulla	3813.6938020998	2917	Neuroblasts	0.322549550077332	1	1	AAGTCGTTCCGTAGGC_7
human_ad_medulla	3990.6543870998635	3464	Neuroblasts	0.2886030706450098	1	1	AATCACGTCTGGACCG_7
human_ad_medulla	3195.2462741999416	2012	Neuroblasts	0.1424259042799288	2	2	AATCGTGTCGAACCAT_7
human_ad_medulla	3510.4002924000097	2411	Neuroblasts	0.29777951029206595	1	1	AATGACCCAGGCGTTC_7
human_ad_medulla	3888.7303284000154	2884	Neuroblasts	0.23582029417229064	1	1	AATGACCGTAGCTTTG_7
human_ad_medulla	3306.3267399000056	2114	Chromaffin cells	0.21232138721451074	0	0	ACAAGCTTCGCCAATA_7
human_ad_medulla	3150.101572399974	1981	Neuroblasts	0.2658145366919239	1	1	ACACCAACAAAGGCAC_7
human_ad_medulla	3223.3711845999455	2120	Chromaffin cells	0.1322047743170134	0	0	ACCACAAGTAGGAAAG_7
human_ad_medulla	3595.8610907001184	2710	Chromaffin cells	0.11964370957283983	0	0	ACCCTTGTCGACCAAT_7
human_ad_medulla	3607.6880815000186	2933	Chromaffin cells	0.21758870841007216	0	0	ACGATCAGTCATCAGT_7
human_ad_medulla	3201.5438533999627	2256	Chromaffin cells	0.08795144558178342	0	0	ACGGTCGTCTCTGCTG_7
human_ad_medulla	3718.162362000154	2842	Bridge	0.25398621632326684	2	2	ACGTACAGTAGATTAG_7
human_ad_medulla	3894.582288139818	3096	Neuroblasts	0.2684877351761994	1	1	ACGTCCTTCATGGATC_7
human_ad_medulla	3053.8240460999828	2105	Chromaffin cells	0.07884711639084287	0	0	ACGTTCCAGTAGAATC_7
human_ad_medulla	3077.624086400036	2000	Chromaffin cells	0.16522893820824563	0	0	ACTATTCTCGTGCGAC_7
human_ad_medulla	3431.033641699962	2472	Neuroblasts	0.23644411122650894	1	1	ACTGCAACATGAAAGT_7
human_ad_medulla	3715.083021300179	2911	Neuroblasts	0.07882723974698969	1	1	ACTTAGGCAATAGTAG_7
human_ad_medulla	3566.074505800118	2601	Chromaffin cells	0.13813773638177912	0	0	AGAAGTAAGAAGTGTT_7
human_ad_medulla	3274.307979600036	2221	Chromaffin cells	0.21584263129894374	0	0	AGACAAAAGTAGTGCG_7
human_ad_medulla	3803.8947069998285	2929	SCPs	0.08551645223023642	3	3	AGACCCGTCACCACAA_7
human_ad_medulla	3134.5109801000235	1875	Neuroblasts	0.31095109131469606	1	1	AGACTCATCAGGACGA_7
human_ad_medulla	3181.95547079996	1955	Chromaffin cells	0.177132522806267	0	0	AGAGAATTCTGACGCG_7
human_ad_medulla	3771.312464200178	2806	Late SCPs	0.3493689113557534	3	3	AGAGAGCAGCTCAGAG_7
human_ad_medulla	3168.438463100036	1899	Neuroblasts	0.2569891508018509	1	1	AGATCCACAGAAGTGC_7
human_ad_medulla	3707.285506699921	3551	Chromaffin cells	0.17587069806781278	0	0	AGATGCTTCGGCATAT_7
human_ad_medulla	3797.2745011998586	3120	Neuroblasts	0.1545370001074659	1	1	AGCGATTCAAATGGAT_7
human_ad_medulla	3564.316527600145	2672	Chromaffin cells	0.15649277657603544	0	0	AGCGCCACACAGTACT_7
human_ad_medulla	3199.7605760999418	2379	Chromaffin cells	0.034375931381112314	0	0	AGCGCTGCAATCAAGA_7
human_ad_medulla	3342.287957800148	2269	Neuroblasts	0.2633399578710474	1	1	AGGAATAAGCCTTCTC_7
human_ad_medulla	3973.520932880005	3471	Chromaffin cells	0.08478379192929589	0	0	AGGGCTCTCCATTCAT_7
human_ad_medulla	3758.520796099926	3134	Bridge	0.22166802186235648	2	2	AGTAACCAGCTGTGCC_7
human_ad_medulla	3971.8007004000547	3233	SCPs	0.17044951171185677	3	3	AGTAACCCACGGGCTT_7
human_ad_medulla	3533.7252768000963	2716	Late SCPs	0.05455773861814734	3	3	AGTAGCTGTTCGATTG_7
human_ad_medulla	3749.2287175000847	2938	Bridge	0.09487518548539764	2	2	AGTTCCCAGCAACAAT_7
human_ad_medulla	3909.271916800022	3202	Neuroblasts	0.08316924146482492	1	1	ATCGGATGTCCAGGTC_7
human_ad_medulla	3169.7018182999113	1853	SCPs	0.22163199577454074	3	3	ATCGGCGCACTCAAGT_7
human_ad_medulla	3261.084822599964	2099	Chromaffin cells	0.2632715941793576	0	0	ATGAAAGGTTGCTAGT_7
human_ad_medulla	3960.350444200076	3141	Late SCPs	0.2280919965865436	3	3	ATGACCAAGCGATTCT_7
human_ad_medulla	3668.8661282001585	2463	Neuroblasts	0.25697862420031137	1	1	ATGGTTGAGCCATTCA_7
human_ad_medulla	3978.6531697002397	3783	Bridge	0.1778157230159627	2	2	ATTATCCCACCTCTAC_7
human_ad_medulla	3927.0425787000304	3282	SCPs	0.12255722477022916	3	3	ATTCATCTCATCACTT_7
human_ad_medulla	2904.690710199899	1648	Bridge	0.2096819216797387	2	2	ATTCCTAGTGGGAGAG_7
human_ad_medulla	3712.4665924000496	2908	Bridge	0.13517089178049227	2	2	ATTCTACTCTCCGAAA_7
human_ad_medulla	2739.628764100033	1455	Chromaffin cells	0.11991141438753156	0	0	ATTTCACCACCAGGTC_7
human_ad_medulla	3578.3247765199244	2878	Chromaffin cells	0.09297043526707047	0	0	CAAAGAAGTACGAAAT_7
human_ad_medulla	3982.7664272002157	3263	SCPs	0.13795860491529108	3	3	CAACCTCGTTACAGCT_7
human_ad_medulla	3229.7883140999347	2043	Chromaffin cells	0.1422832165172609	0	0	CAAGAGGGTGTATTCG_7
human_ad_medulla	3169.5097592000848	2372	Chromaffin cells	0.142310065047358	0	0	CAATGACGTTGTAGCT_7
human_ad_medulla	3704.4473282999907	2784	Neuroblasts	0.07934841123382716	1	1	CACATGATCGGCTGTG_7
human_ad_medulla	3235.5631513999315	2203	Chromaffin cells	0.3185183913205638	0	0	CACCAAAGTCTACGTA_7
human_ad_medulla	3290.8478819998486	2503	Bridge	0.34577285575063005	2	2	CACTGGGAGTCGAAAT_7
human_ad_medulla	3419.597034899948	2248	Neuroblasts	0.1882639514040976	1	1	CAGATCACAGATCACT_7
human_ad_medulla	2758.704036399957	1477	Neuroblasts	0.32338297194221405	1	1	CAGCGTGTCGGACGTC_7
human_ad_medulla	3780.8855746001573	3324	Neuroblasts	0.17181656973808304	1	1	CATACAGGTTTCGTAG_7
human_ad_medulla	2897.5978398000116	1508	Late SCPs	0.2656407350348953	3	3	CATCGCTCATCGATCA_7
human_ad_medulla	3451.7092574999597	2232	Neuroblasts	0.2309785588886637	1	1	CATCGGGAGGCAGGTT_7
human_ad_medulla	3798.534028399988	2783	Neuroblasts	0.3041837644104765	1	1	CATCGTCGTAGGCTCC_7
human_ad_medulla	3536.06488040004	2387	Late SCPs	0.24405002995939665	3	3	CATGAGTGTCGCATTA_7
human_ad_medulla	2853.710219200098	1567	Bridge	0.2780761671808547	2	2	CATGCCTGTGGCATCC_7
human_ad_medulla	3342.6302649000963	2313	Bridge	0.06979881156762432	2	2	CATGCGGCACCTGCAG_7
human_ad_medulla	3103.3016468000365	1910	Chromaffin cells	0.21466939273754915	0	0	CCACGAGGTGTGTGGA_7
human_ad_medulla	3400.4709444999353	2351	Chromaffin cells	0.1923547151778972	0	0	CCACGTTTCCTCTAAT_7
human_ad_medulla	3301.9024497999285	2144	Chromaffin cells	0.2623310207279095	0	0	CCGTAGGGTTTGTTGG_7
human_ad_medulla	3866.1362198999304	3561	Neuroblasts	0.13937939052078915	1	1	CCTCACACAGACAAAT_7
human_ad_medulla	3382.2359924999664	2291	Chromaffin cells	0.14199714066818026	0	0	CCTCTCCGTAGGTCAG_7
human_ad_medulla	3941.2020771001958	2959	Neuroblasts	0.21879974006166072	1	1	CGAAGGACAGTGAGCA_7
human_ad_medulla	3530.6591190998342	2553	Chromaffin cells	0.15083801976775918	0	0	CGACAGCAGAATCGAT_7
human_ad_medulla	2984.8816408000266	1818	Chromaffin cells	0.28036359919976644	0	0	CGAGGCTTCTTAGCCC_7
human_ad_medulla	3594.9014532999195	2701	Bridge	0.24976435979233805	2	2	CGAGTGCTCCGCTAGG_7
human_ad_medulla	3456.9308697999854	2568	Chromaffin cells	0.19968957031528395	0	0	CGCATAATCGTCAGAT_7
human_ad_medulla	3581.15789700013	2526	Bridge	0.16507503075896307	2	2	CGCGTGAAGCTACTAC_7
human_ad_medulla	3103.722500499897	2029	Bridge	0.3957974882748513	2	2	CGGAACCTCATAGAGA_7
human_ad_medulla	3847.406374200129	3018	Neuroblasts	0.23628321564783916	1	1	CGGCAGTGTCTTCTAT_7
human_ad_medulla	3001.8953956999335	1826	Neuroblasts	0.13843706566034533	1	1	CGTAAGTAGCGATGCA_7
human_ad_medulla	3992.808480250182	3416	Neuroblasts	0.15920446300999888	1	1	CGTGAATAGGTGCTAG_7
human_ad_medulla	3500.410156500137	2465	Late chromaffin cells	0.358419954778791	0	0	CGTGATAAGTCTCCTC_7
human_ad_medulla	3744.930852220046	3171	Chromaffin cells	0.11397333324511827	0	0	CGTTCTGGTTCTCTAT_7
human_ad_medulla	3570.2849947999316	2494	Neuroblasts	0.2224304645586147	1	1	CTATCTACATCGCTAA_7
human_ad_medulla	3622.0298997001305	2658	Neuroblasts	0.18826398425271273	1	1	CTCAAGACAACCTATG_7
human_ad_medulla	2918.1584542000473	1641	Chromaffin cells	0.05464286552722913	0	0	CTCAAGATCAAGAGTA_7
human_ad_medulla	3414.671156399957	2213	Bridge	0.4228060254921062	2	2	CTCAGTCGTGTCCACG_7
human_ad_medulla	3632.083041060128	2877	Bridge	0.11735349279778315	0	0	CTCCACACATGTTCGA_7
human_ad_medulla	3342.3437439999684	2192	Chromaffin cells	0.11548404639496099	0	0	CTCCATGAGGCTGGAT_7
human_ad_medulla	3427.168308500101	2259	SCPs	0.17862428830287544	3	3	CTGCAGGTCTGGTGCG_7
human_ad_medulla	3044.1813201000136	2011	Chromaffin cells	0.10135438646928663	0	0	CTGTATTAGAAAGCGA_7
human_ad_medulla	3525.78651950009	2410	Chromaffin cells	0.11916410357697192	0	0	CTTACCGGTTCAAACC_7
human_ad_medulla	3391.2051132999545	2220	Neuroblasts	0.2846218048606211	1	1	CTTAGGACAATAGAGT_7
human_ad_medulla	3606.85490749994	2552	Chromaffin cells	0.18782153077223865	0	0	CTTCAATAGCTAATGA_7
human_ad_medulla	3201.5332445999315	2133	Neuroblasts	0.11336798410954965	1	1	CTTCTAAGTCAATCTG_7
human_ad_medulla	3863.0636896999586	2947	Neuroblasts	0.3139014542351963	0	0	GAACACTAGTTTGCTG_7
human_ad_medulla	3505.4574296999413	2518	Chromaffin cells	0.1912914344127119	0	0	GACACGCTCTAGTCAG_7
human_ad_medulla	2851.8859308999895	1669	Bridge	0.20667840659881917	2	2	GACTTCCAGATGAATC_7
human_ad_medulla	3213.6617613999233	2071	Neuroblasts	0.19433941290944687	1	1	GACTTCCTCTTTGATC_7
human_ad_medulla	3434.2092958000544	2415	Bridge	0.15163245310553672	2	2	GAGACCCAGGCTTAGG_7
human_ad_medulla	3295.983790999969	2330	Chromaffin cells	0.15343424363339192	0	0	GAGACCCTCACGACTA_7
human_ad_medulla	3188.463463500082	1988	Neuroblasts	0.33220142621213156	1	1	GAGACTTGTCCACTTC_7
human_ad_medulla	3718.7886265701422	2897	Chromaffin cells	0.1193433361146236	0	0	GAGATGGCACCATAAC_7
human_ad_medulla	3358.995631200045	1997	SCPs	0.4668118843131108	3	3	GAGGCAAAGTTGCTGT_7
human_ad_medulla	3669.2744061998706	2693	Chromaffin cells	0.20771804602898464	0	0	GAGGCCTAGGTTACAA_7
human_ad_medulla	3377.5213892999914	2175	SCPs	0.11568197650436739	3	3	GAGGGATCAGCGTACC_7
human_ad_medulla	3002.883934299969	1985	Chromaffin cells	0.2398721148601163	0	0	GAGTGTTTCATCCTGC_7
human_ad_medulla	3901.1276050998763	2817	Neuroblasts	0.28105928874683117	1	1	GATAGAAGTGACTCTA_7
human_ad_medulla	3251.0467261999534	2166	Bridge	0.2517375937431126	2	2	GATAGCTGTTCTTGTT_7
human_ad_medulla	3184.426952599989	2068	Neuroblasts	0.1819041474721382	1	1	GATCACATCTAAGCCA_7
human_ad_medulla	3453.911378700116	2450	Chromaffin cells	0.1858138931872469	0	0	GATCACATCTACCAGA_7
human_ad_medulla	3453.6606542000573	2566	Bridge	0.12424652071075874	2	2	GATCGTAAGGCATCTT_7
human_ad_medulla	3220.533509800124	1948	Chromaffin cells	0.1699645410719455	0	0	GATGATCCACGGTCTG_7
human_ad_medulla	3805.8565979999094	2960	Neuroblasts	0.15876910084251536	1	1	GATGCTACATGGCCCA_7
human_ad_medulla	3206.0984599000863	2111	Chromaffin cells	0.13444185055172406	0	0	GATTCTTTCAATCAGC_7
human_ad_medulla	2466.9685441000156	1106	SCPs	0.6121709794848416	3	3	GCACTAAGTCGCAACC_7
human_ad_medulla	3083.959414199972	1761	Neuroblasts	0.1502519870613167	1	1	GCATCTCCAGGTTCAT_7
human_ad_medulla	3742.527722799769	3046	Neuroblasts	0.3232983249873803	1	1	GCCGATGAGCCACCGT_7
human_ad_medulla	3630.7426192000544	2604	SCPs	0.31479396913346	3	3	GCCGATGAGGGCAAGG_7
human_ad_medulla	3416.0417642999696	2217	Chromaffin cells	0.2434031189810086	0	0	GCCGATGCAGACAAAT_7
human_ad_medulla	3717.9409857999267	2800	Neuroblasts	0.2256742275373898	1	1	GCTACCTGTGTTAACC_7
human_ad_medulla	3888.7946937000415	3332	Bridge	0.2258760359406501	2	2	GGGACTCCACTTCTCG_7
human_ad_medulla	3081.5404768999574	1736	Neuroblasts	0.27594641588334606	1	1	GGGCTCAAGAGTTCGG_7
human_ad_medulla	3335.086417470086	2555	Chromaffin cells	0.05364969826950665	0	0	GGGTATTTCACCTACC_7
human_ad_medulla	3232.0533554000913	2182	Chromaffin cells	0.1687415769571935	0	0	GGGTGAAAGACGGAAA_7
human_ad_medulla	3780.971787500171	2859	Neuroblasts	0.17820469124565494	1	1	GGGTTATTCCGATGCG_7
human_ad_medulla	3301.1240129000216	2214	Chromaffin cells	0.1149479021439878	0	0	GGGTTTAGTCCAATCA_7
human_ad_medulla	3717.2859646000124	2904	Late SCPs	0.17031314674982861	3	3	GGTAGAGAGTATGAAC_7
human_ad_medulla	3135.498631599906	1920	Chromaffin cells	0.24353108698707138	0	0	GGTGATTCACCTCAGG_7
human_ad_medulla	3586.149363100172	2935	Bridge	0.22511275417209944	2	2	GGTGGCTAGCGATGGT_7
human_ad_medulla	3728.3618860001043	2861	Chromaffin cells	0.4448254919211331	0	0	GGTGTCGGTCAGTCCG_7
human_ad_medulla	3568.747969600153	2909	Chromaffin cells	0.17847549488661785	0	0	GTAAGTCCAAGCCATT_7
human_ad_medulla	3653.177461100052	2584	SCPs	0.19939996557973116	3	3	GTAAGTCCACTGCGAC_7
human_ad_medulla	3232.657866599938	2101	Chromaffin cells	0.17272994329811106	0	0	GTAGAAATCAAAGCCT_7
human_ad_medulla	3297.068107400083	2235	Neuroblasts	0.12225526039189209	1	1	GTATTGGTCAAACGTC_7
human_ad_medulla	3123.2162526999705	1980	Neuroblasts	0.2196266266887586	1	1	GTCACTCTCTAAGGAA_7
human_ad_medulla	3462.7360810000396	2120	SCPs	0.13814064046771185	3	3	GTCATGAGTGGTCTGC_7
human_ad_medulla	3691.6153358999973	2832	Chromaffin cells	0.19303817574651672	0	0	GTCATTTAGGATGGCT_7
human_ad_medulla	2480.5020128999786	1284	Chromaffin cells	0.0702231197935431	0	0	GTCGTAATCGGTCATA_7
human_ad_medulla	3792.931967300095	3079	Neuroblasts	0.160084131546449	1	1	GTCTCACAGGACAACC_7
human_ad_medulla	3052.277754000049	1809	Neuroblasts	0.08622483968082408	1	1	GTGAGGAGTTGCTTGA_7
human_ad_medulla	3026.692849800026	1800	Neuroblasts	0.09600533467384989	1	1	GTGAGTTGTCGGTAAG_7
human_ad_medulla	3315.314368699877	2187	Chromaffin cells	0.1946696657466889	0	0	GTGATGTGTGGGTCAA_7
human_ad_medulla	2969.9755325999604	1688	Neuroblasts	0.2935649975664084	1	1	GTGCGTGGTAGACTGG_7
human_ad_medulla	3429.912686399977	2302	Bridge	0.19804817559743138	2	2	GTGGAAGAGGACAGCT_7
human_ad_medulla	3646.9010511000324	2653	Chromaffin cells	0.29389994819758014	0	0	GTGGAAGGTACGTAGG_7
human_ad_medulla	3946.0569888001132	3115	Neuroblasts	0.41599782888567716	1	1	GTGTGGCTCCCTCTTT_7
human_ad_medulla	3496.8216897001244	2485	Chromaffin cells	0.09584869339698665	0	0	GTTAGTGCAATTGGTC_7
human_ad_medulla	3959.5457166797232	3445	Neuroblasts	0.1253047166269484	1	1	GTTGCTCGTAACCCTA_7
human_ad_medulla	3769.3665420001475	2934	Neuroblasts	0.209585520855395	1	1	GTTGTAGGTTCTTGTT_7
human_ad_medulla	3953.0950157999246	3262	Neuroblasts	0.22353884651598382	1	1	GTTGTCCAGCGCTGCT_7
human_ad_medulla	3787.032922500131	2934	Bridge	0.21926201250234081	2	2	TAACACGTCAGCTTGA_7
human_ad_medulla	3635.731476100052	2798	Late SCPs	0.3109953588247022	3	3	TACATTCCAAATGCTC_7
human_ad_medulla	2011.1905441999652	801	Connecting progenitor cells	0	0	0	TACCCGTGTCTAGATC_7
human_ad_medulla	3463.3438518999146	2462	Late SCPs	0.1777834071145511	3	3	TACGCTCAGTCCCGGT_7
human_ad_medulla	3961.3824075000985	2768	SCPs	0.06010724931508498	3	3	TACGTCCAGCACCGAA_7
human_ad_medulla	3075.233951800078	1945	Neuroblasts	0.08452501633179757	1	1	TACTGCCGTTGCTGAT_7
human_ad_medulla	3455.310655300034	2356	Chromaffin cells	0.08782141181272471	0	0	TACTTACGTTCGTAAC_7
human_ad_medulla	3322.2224211000926	2094	Neuroblasts	0.09860007503396803	1	1	TACTTGTAGGAAAGAC_7
human_ad_medulla	3498.47279750014	2514	Bridge	0.24354856799482255	2	2	TAGGTACCACCAAAGG_7
human_ad_medulla	3937.311338299961	3202	Chromaffin cells	0.37382130330478536	0	0	TAGGTACTCGCTCATC_7
human_ad_medulla	3436.764247900025	2378	Chromaffin cells	0.12186216155382422	0	0	TAGGTTGCAATAGTAG_7
human_ad_medulla	3588.354928500058	2546	Late SCPs	0.16620428354596925	3	3	TAGTGCAGTGGAAGTC_7
human_ad_medulla	3346.7029111000115	2220	Neuroblasts	0.16850919396805314	0	0	TAGTGCATCGCACGAC_7
human_ad_medulla	3702.0409466001984	3146	Bridge	0.19756564839502488	2	2	TATACCTTCTCCACTG_7
human_ad_medulla	3358.6552271998935	2549	Bridge	0.2675357812028622	2	2	TATCGCCTCGGTCAGC_7
human_ad_medulla	3726.6726795001414	3051	Bridge	0.0859498532731248	2	2	TATCTTGGTCCCTGAG_7
human_ad_medulla	3115.673593300133	1932	Chromaffin cells	0.18057152110214794	0	0	TATTGGGAGGGTACAC_7
human_ad_medulla	3563.7996912001454	2379	SCPs	0.16476870780642935	3	3	TCAAGTGGTAGCTAAA_7
human_ad_medulla	3263.420465699929	2214	Chromaffin cells	0.13833663321810855	0	0	TCACGCTAGAGGTGCT_7
human_ad_medulla	3052.208477500028	1752	Neuroblasts	0.11904982004952074	1	1	TCAGCCTCAGCAAGAC_7
human_ad_medulla	3666.337008900019	2976	Bridge	0.1538433342681787	2	2	TCAGCCTTCATTACTC_7
human_ad_medulla	3489.6716827199607	2726	Chromaffin cells	0.0281664712146755	0	0	TCAGTGACATGGAGAC_7
human_ad_medulla	3211.9971591999247	2104	Chromaffin cells	0.096901200273019	0	0	TCATATCGTTCCTAAG_7
human_ad_medulla	3599.4272669000693	2521	Chromaffin cells	0.30296419378385386	0	0	TCATCCGTCCTTTAGT_7
human_ad_medulla	3307.68767659994	2147	Neuroblasts	0.19579005435776145	1	1	TCATGTTAGGATATGT_7
human_ad_medulla	3418.395925299953	2486	Chromaffin cells	0.0652197770158637	0	0	TCATTGTTCGAGGCAA_7
human_ad_medulla	3254.1199185999935	2126	Chromaffin cells	0.18880059597321847	0	0	TCATTTGGTACCTAAC_7
human_ad_medulla	3997.473015899925	3872	Neuroblasts	0.14543019619836603	1	1	TCCAGAATCCGCACGA_7
human_ad_medulla	3525.0848174999223	2241	Chromaffin cells	0.18457739705152906	0	0	TCCCATGCAGGTCCGT_7
human_ad_medulla	3183.603197699868	1926	Chromaffin cells	0.18080116278808442	0	0	TCGATTTGTAGGCTCC_7
human_ad_medulla	3399.2813256001114	2159	Neuroblasts	0.11844983437165704	1	1	TCGCTTGTCTGAACGT_7
human_ad_medulla	3673.775867300086	2753	Chromaffin cells	0.3058810201249028	0	0	TCGGGACCAGTTAGGG_7
human_ad_medulla	3370.6902044000585	2361	Chromaffin cells	0.2809671973899375	0	0	TCGGGCACAACGTATC_7
human_ad_medulla	3453.078903500006	2362	Chromaffin cells	0.15484751288423582	0	0	TCGGTCTAGCGAACTG_7
human_ad_medulla	3512.639923200026	2327	Neuroblasts	0.23036708506769446	1	1	TCGGTCTGTGATGAAT_7
human_ad_medulla	3430.5236791001494	2253	SCPs	0.4554968588381466	3	3	TCGTAGAGTCACATTG_7
human_ad_medulla	3839.680061900087	2903	Neuroblasts	0.20122655209393986	1	1	TCTAACTTCAATGTCG_7
human_ad_medulla	3579.808273800091	2526	Neuroblasts	0.43308570499342275	1	1	TCTCACGTCCGTCACT_7
human_ad_medulla	3518.7273381000905	2215	SCPs	0.2500867147254275	3	3	TGAGCGCAGAGATTCA_7
human_ad_medulla	3270.262805699974	2269	Chromaffin cells	0.12488983432405838	0	0	TGATCAGTCTTCACAT_7
human_ad_medulla	3314.433674100124	2174	Neuroblasts	0.2014675946657149	1	1	TGATGCACATGAATAG_7
human_ad_medulla	3645.2481791001187	2782	Bridge	0.19938021344253673	2	2	TGCGACGGTAGATTAG_7
human_ad_medulla	3612.4321309001434	2598	Chromaffin cells	0.10702384598258548	0	0	TGCGGCAAGTGACCTT_7
human_ad_medulla	3814.300213099959	2964	Neuroblasts	0.07635760053697886	1	1	TGCGGGTCAAGGCCTC_7
human_ad_medulla	3313.60126540007	2285	Chromaffin cells	0.07079857267367248	0	0	TGTAAGCGTTGAATCC_7
human_ad_medulla	3155.3038380999737	1974	Bridge	0.2660846001143166	2	2	TGTAGACTCGTGGGAA_7
human_ad_medulla	3361.9110773000775	2338	Chromaffin cells	0.10493383432476541	0	0	TGTCCCACACTGTCCT_7
human_ad_medulla	3857.772851640093	3170	Neuroblasts	0.2523331964934509	1	1	TGTGATGGTCACTCAA_7
human_ad_medulla	3489.2071840001163	2357	SCPs	0.3695214821041011	3	3	TGTTCTAGTTGGTAGG_7
human_ad_medulla	3581.9549514999044	2487	SCPs	0.13064827624480316	3	3	TGTTGAGGTCAAATCC_7
human_ad_medulla	3353.884787099943	2113	SCPs	0.2561215678320206	3	3	TTACCATAGGGAGATA_7
human_ad_medulla	3604.9491616998957	2693	Bridge	0.10212104623034543	2	2	TTACGTTGTCTCTCCA_7
human_ad_medulla	3767.969534599927	2922	SCPs	0.18576822439046625	3	3	TTAGGCACAAACTCTG_7
human_ad_medulla	3876.8779034998743	3204	Neuroblasts	0.17461802430993734	1	1	TTAGGCACAGGACAGT_7
human_ad_medulla	3726.5600191998815	2703	SCPs	0.20126023360306214	3	3	TTCAATCAGTGCGACA_7
human_ad_medulla	3546.6882364999547	2576	Late neuroblasts	0.5016473739332072	1	1	TTCACCGTCGCTTGCT_7
human_ad_medulla	3207.363574400122	2302	Chromaffin cells	0.08457890529318524	0	0	TTCAGGATCAGCTCTC_7
human_ad_medulla	3540.0877764000797	2437	Chromaffin cells	0.3250746203729001	0	0	TTCATGTAGAATTGCA_7
human_ad_medulla	3728.516066200135	2715	Chromaffin cells	0.2536530225988399	0	0	TTCATGTCACCCATAA_7
human_ad_medulla	3387.3027538000442	2278	Neuroblasts	0.19282371180646946	1	1	TTCCGGTTCTCTAAGG_7
human_ad_medulla	3278.079969399872	2235	Bridge	0.21154213639484593	2	2	TTCCGTGAGTGGTTAA_7
human_ad_medulla	3008.2965827999847	1710	Chromaffin cells	0.05138226093922244	0	0	TTCCTTCGTTCACCGG_7
human_ad_medulla	3030.2189861999705	1775	Chromaffin cells	0.1676471378185984	0	0	TTCTAACAGAGCGACT_7
human_ad_medulla	3995.5621671498493	3366	SCPs	0.21135159075809945	3	3	TTCTAACCAACCAGAG_7
human_ad_medulla	3232.869148800074	2301	Neuroblasts	0.14411394911325934	1	1	TTCTGTAAGGGACTGT_7
human_ad_medulla	3129.161819699948	1909	Neuroblasts	0.2237328525461593	1	1	TTGAGTGGTAGACGGT_7
human_ad_medulla	2759.4709438999766	1390	SCPs	0.21661955938379576	3	3	TTGCGTCGTCTTACTT_7
human_ad_medulla	3359.671013799993	2307	Chromaffin cells	0.17876108926531742	0	0	TTGCTGCTCCGTGGTG_7
human_ad_medulla	3375.6202324000815	2401	Bridge	0.20022606616486627	2	2	TTGGATGTCAGGTGTT_7
human_ad_medulla	2852.2442882999767	1485	Chromaffin cells	0.2046378959874749	0	0	TTTACCATCGAGTGAG_7
human_ad_medulla	3396.451259800025	2331	Late SCPs	0.24348057332307776	3	3	TTTACGTCATTGTACG_7
human_ad_medulla	2999.512258000098	1798	Chromaffin cells	0.1778234239841478	0	0	TTTAGTCGTGCCCTTT_7
human_ad_medulla	3583.329517299905	2362	Neuroblasts	0.2600638695104427	1	1	TTTCATGCAAGAGGTC_7
human_ad_medulla	3597.715509100078	2743	Neuroblasts	0.11153024161723352	1	1	AAACCCATCATGAAAG_8
human_ad_medulla	2941.9901600999683	1615	SCPs	0.1624095098889672	3	3	AAAGGGCGTTGTGTTG_8
human_ad_medulla	3775.693838410151	3154	Chromaffin cells	0.17289041403708452	0	0	AACCATGCAACTCCCT_8
human_ad_medulla	2973.2165481999555	1792	Chromaffin cells	0.15724970328281554	0	0	AACCTTTCAAGTTGGG_8
human_ad_medulla	3351.4492183999128	2235	SCPs	0.1641294151139254	3	3	AAGACAAAGGCCACTC_8
human_ad_medulla	2585.7996116000386	1535	Chromaffin cells	0.2339614977456248	0	0	AAGGTAAGTCAAACGG_8
human_ad_medulla	3041.0798185000153	2240	Chromaffin cells	0.2152852733483742	0	0	AAGTCGTCACGTCATA_8
human_ad_medulla	3412.159004300086	2380	Neuroblasts	0.24683589156853022	1	1	AATGACCGTTGGACTT_8
human_ad_medulla	3049.2078784000014	2129	Chromaffin cells	0.23846889388910733	0	0	AATGCCACAAAGACTA_8
human_ad_medulla	2999.43227549991	2152	Chromaffin cells	0.23246660566249577	0	0	AATGGCTAGTGCTAGG_8
human_ad_medulla	2995.2467452999326	1926	Chromaffin cells	0.293813062773857	0	0	ACACGCGAGTCATGCT_8
human_ad_medulla	3129.6184017999453	1891	Neuroblasts	0.2640431943794607	1	1	ACACTGAAGGAGCAAA_8
human_ad_medulla	3475.996040999911	2697	Bridge	0.1789183697749833	2	2	ACAGAAACACAGAAGC_8
human_ad_medulla	3143.7624830000073	2351	Chromaffin cells	0.2313807273715717	0	0	ACAGCCGTCGGCCCAA_8
human_ad_medulla	3199.888592699928	1945	SCPs	0.23902173711449698	3	3	ACAGGGAAGTGTTGTC_8
human_ad_medulla	3569.178419600033	2573	SCPs	0.14635120428037765	3	3	ACCATTTTCGCTGACG_8
human_ad_medulla	3054.211647599902	1696	Neuroblasts	0.1047672253661437	1	1	ACGGGTCAGTGACACG_8
human_ad_medulla	2644.1802752999884	1499	Chromaffin cells	0.18721806702224067	0	0	ACGGGTCCAGGACTAG_8
human_ad_medulla	2659.635131099952	1337	Neuroblasts	0.1807421944382244	1	1	ACTACGAGTCAGTTTG_8
human_ad_medulla	3638.666745160115	2904	Bridge	0.13236846370738625	2	2	ACTGATGCAGGTGACA_8
human_ad_medulla	3148.695784500068	1994	Bridge	0.24600240004544754	2	2	ACTGCAACAAAGCTAA_8
human_ad_medulla	3252.7642943001	2366	Chromaffin cells	0.22498248682893424	0	0	ACTGTCCTCCAGCACG_8
human_ad_medulla	3136.556340199883	2075	Bridge	0.18841446347567886	2	2	ACTTAGGCAGTGAGCA_8
human_ad_medulla	3306.907102299948	2267	Chromaffin cells	0.08612423669292638	2	2	ACTTCCGTCTTTGCAT_8
human_ad_medulla	2850.2301766999744	1574	Bridge	0.22356127066823703	2	2	ACTTTGTGTCGAGATG_8
human_ad_medulla	3111.2018110000877	1876	SCPs	0.40822924295988855	3	3	AGACCATCATAAGCGG_8
human_ad_medulla	3394.996610299857	2409	Neuroblasts	0.2932313561020235	1	1	AGACCATTCATTACTC_8
human_ad_medulla	3527.558901299933	2493	Bridge	0.1972342346271266	2	2	AGAGAATGTTGCTCCT_8
human_ad_medulla	3075.149373400035	2030	Neuroblasts	0.07759582089379011	1	1	AGAGAATTCTCGTGGG_8
human_ad_medulla	3050.0381184000407	1990	Chromaffin cells	0.2018145793938127	0	0	AGATAGAAGAGTCACG_8
human_ad_medulla	3500.5174007000996	2290	SCPs	0.1630290996084931	3	3	AGATCCAGTTCTTGTT_8
human_ad_medulla	2722.9892431999597	1618	Chromaffin cells	0.3161784506310579	0	0	AGCGCCACAAGCGCTC_8
human_ad_medulla	2592.149135299941	1664	Chromaffin cells	0.28079595810592817	0	0	AGCTACACAATTGCGT_8
human_ad_medulla	2922.8235683000453	1672	Chromaffin cells	0.2580999613461986	0	0	AGGAAATGTCCGAAGA_8
human_ad_medulla	3154.5295742999356	2245	Chromaffin cells	0.26116802540449613	0	0	AGGACGACACTTGAAC_8
human_ad_medulla	3189.7762957000327	1946	Neuroblasts	0.23616837363031268	1	1	AGGCATTAGCGATGCA_8
human_ad_medulla	3107.606284879984	2406	Chromaffin cells	0.16890468350313279	0	0	AGGGAGTAGACTGAGC_8
human_ad_medulla	3564.6830219800854	2787	Chromaffin cells	0.1899476536412731	0	0	AGGGTCCCAAGGCAAC_8
human_ad_medulla	3101.3165193000955	2259	Chromaffin cells	0.09860791637901446	0	0	AGGTTACGTCATCACA_8
human_ad_medulla	3060.6164776999444	2084	Chromaffin cells	0.1496266008291733	0	0	AGGTTACGTCGCATTA_8
human_ad_medulla	3592.214812600158	2758	SCPs	0.19185176999511203	3	3	AGTAGCTGTTACCCTC_8
human_ad_medulla	2765.232829100053	1485	Connecting progenitor cells	0.11953608264790352	2	2	AGTCATGGTCTCGCGA_8
human_ad_medulla	2392.821277899971	1114	Late SCPs	1.0625167343176238	3	3	AGTCTCCCATACAGCT_8
human_ad_medulla	3541.1858479998145	2746	Bridge	0.3058963967146343	2	2	ATACCGAGTCTGCGCA_8
human_ad_medulla	2793.2157899000013	1570	Bridge	0.2602844265125782	2	2	ATACCGATCGCGTAGC_8
human_ad_medulla	2971.595469999938	1974	Bridge	0.1612060069535676	2	2	ATCACAGGTCCTGGTG_8
human_ad_medulla	3337.164597800055	2019	Neuroblasts	0.16184086045861837	1	1	ATCACTTCAAGTCCCG_8
human_ad_medulla	2693.1666952000164	1525	Chromaffin cells	0.18688612216133904	0	0	ATCGATGAGAGGTCGT_8
human_ad_medulla	2827.4127733000237	1775	Chromaffin cells	0.2971461252257875	0	0	ATCGATGTCATTCTTG_8
human_ad_medulla	2939.096853800104	2367	Chromaffin cells	0.1521747170127178	0	0	ATCGGATGTTCCCACT_8
human_ad_medulla	2945.7497673999146	2061	Chromaffin cells	0.21702501246882336	0	0	ATCTCTACATTGGGAG_8
human_ad_medulla	3082.575891500059	1885	Bridge	0.09038923608281735	2	2	ATGATCGCAGCGTACC_8
human_ad_medulla	3350.0575139001216	2706	Chromaffin cells	0.17964115466763364	0	0	ATGCATGCACGCTGCA_8
human_ad_medulla	3799.5934094999016	2625	Chromaffin cells	0.11882968290005182	0	0	ATGGGAGGTCGTTGGC_8
human_ad_medulla	3154.8006547000914	2244	SCPs	0.10172454146092728	3	3	ATGTCTTTCCGTACGG_8
human_ad_medulla	2929.8894916000545	1975	Chromaffin cells	0.20476902003302463	0	0	ATTATCCGTACGACTT_8
human_ad_medulla	3215.2786668000363	2255	Chromaffin cells	0.15912057492334875	0	0	ATTCATCGTACTCAAC_8
human_ad_medulla	3379.2422379000736	2466	Chromaffin cells	0.031187379471644856	0	0	ATTCCCGCATTCACAG_8
human_ad_medulla	3056.529794699988	1979	Chromaffin cells	0.2745642072441739	0	0	ATTCCTATCCGTGGTG_8
human_ad_medulla	3218.654612399955	2506	Chromaffin cells	0.17863555094881167	0	0	ATTGGGTAGGAGCAAA_8
human_ad_medulla	3304.4865508999646	2615	Chromaffin cells	0.15776077522785525	0	0	CACCGTTGTAAGTCAA_8
human_ad_medulla	3247.0751394399836	2418	Chromaffin cells	0.18027401056723202	0	0	CACTAAGCACCCTAGG_8
human_ad_medulla	3105.6714416999553	2480	Chromaffin cells	0.1405192655412137	0	0	CACTGAATCGTCACCT_8
human_ad_medulla	2920.929344600094	2130	Chromaffin cells	0.22682402134266907	0	0	CACTGGGGTAACTAAG_8
human_ad_medulla	3543.821481899919	2739	Bridge	0.1519937482040501	2	2	CACTGTCTCTTTGATC_8
human_ad_medulla	3118.7404978999284	2144	Chromaffin cells	0.14662199061060605	0	0	CAGCAATTCCATGCAA_8
human_ad_medulla	2989.6959494000002	2306	Chromaffin cells	0.19677755529556995	0	0	CAGGCCAAGTGCTACT_8
human_ad_medulla	3057.326831299974	2024	Bridge	0.15177964136817207	2	2	CAGGGCTAGACTCATC_8
human_ad_medulla	2965.839058800063	1723	Neuroblasts	0.2573144984842034	1	1	CAGGGCTTCTACTGAG_8
human_ad_medulla	2875.70143959993	1680	Bridge	0.07095201093907223	2	2	CATACAGGTGGATACG_8
human_ad_medulla	2403.395236299991	1229	Chromaffin cells	0.46612867208835784	0	0	CATCAAGGTGGAAGTC_8
human_ad_medulla	3695.735111599906	2820	SCPs	0.14970450892528575	3	3	CATCCACCACTGCGTG_8
human_ad_medulla	3595.8763983998874	2574	Late SCPs	0.1372923691758936	3	3	CATCCGTGTCCAGAAG_8
human_ad_medulla	3504.15981710012	2432	Neuroblasts	0.18242356038686794	1	1	CATCCGTTCCGATAGT_8
human_ad_medulla	3326.873352099994	2425	Neuroblasts	0.17333651118278798	1	1	CATGCCTTCCCGTGTT_8
human_ad_medulla	2646.870854399932	1420	Chromaffin cells	0.24219520152800716	0	0	CATTGCCAGCGTATAA_8
human_ad_medulla	3184.4669039000846	2118	Chromaffin cells	0.23941711847162017	0	0	CATTGTTAGCTGACTT_8
human_ad_medulla	2962.289472200067	1838	Chromaffin cells	0.2261870442736892	0	0	CCAAGCGAGTGCTAGG_8
human_ad_medulla	2897.118986300064	1625	Neuroblasts	0.3173930875287708	1	1	CCACACTAGGAATTAC_8
human_ad_medulla	3718.7253197998157	2984	Bridge	0.21297541278005294	2	2	CCACGTTCATCTTCGC_8
human_ad_medulla	2981.1508155000834	1750	Neuroblasts	0.3107743812164655	1	1	CCCTAACTCCCTAGGG_8
human_ad_medulla	3138.9598459000663	2299	Chromaffin cells	0.261887115591402	0	0	CCGTGAGCAGCACAAG_8
human_ad_medulla	3018.415479099932	1747	Chromaffin cells	0.16813446111511876	0	0	CCGTTCAGTATCTTCT_8
human_ad_medulla	2727.839788100033	1688	Chromaffin cells	0.06970964747619803	0	0	CCTTCAGGTACCGTGC_8
human_ad_medulla	2632.0702465000354	1566	Chromaffin cells	0.2892247009791157	0	0	CGAAGGAAGGGTTTCT_8
human_ad_medulla	3697.451810899908	2998	SCPs	0.2475695064642939	3	3	CGAGGCTCAAACCATC_8
human_ad_medulla	2914.8368521999423	1646	Neuroblasts	0.051865163529101	1	1	CGAGTTACATGTGGTT_8
human_ad_medulla	3027.3934961999144	1997	Chromaffin cells	0.24874651443403642	0	0	CGGAACCAGTGAGTGC_8
human_ad_medulla	3086.813717699932	2038	Chromaffin cells	0.17884044859413972	0	0	CGGGACTGTATCGTTG_8
human_ad_medulla	3092.5997684001472	2414	Chromaffin cells	0.13059679242262107	0	0	CGTCAAAGTCGATTCA_8
human_ad_medulla	2879.720671199964	1834	Chromaffin cells	0.1763791346430664	0	0	CGTGATAGTTCCTACC_8
human_ad_medulla	3356.4523576999527	2456	Bridge	0.18918185403207308	2	2	CGTTCTGGTCCACATA_8
human_ad_medulla	2980.3480920999723	1821	Chromaffin cells	0.2463208448522981	0	0	CTAACCCGTTGTGTAC_8
human_ad_medulla	3060.0114243999556	1859	Bridge	0.29591050307191563	2	2	CTAAGTGCAGCCGTTG_8
human_ad_medulla	3370.5688783000974	2649	Chromaffin cells	0.1662942239835443	0	0	CTACCCATCCATTTCA_8
human_ad_medulla	3113.530521299975	2038	Bridge	0.186160359127617	2	2	CTACCTGAGCCATTGT_8
human_ad_medulla	3712.0003196001057	2839	SCPs	0.15734610175435593	3	3	CTCAAGATCCAATGCA_8
human_ad_medulla	3169.9774593000498	1850	SCPs	0.32724567077175865	3	3	CTCATCGGTAGAAACT_8
human_ad_medulla	2830.727371700047	1960	Chromaffin cells	0.13765010855354406	0	0	CTCCCAAGTCTTTATC_8
human_ad_medulla	3427.133463599846	2327	Chromaffin cells	0.12170996677843496	2	2	CTCCTCCGTCCCTAAA_8
human_ad_medulla	3007.0429521999527	1887	SCPs	0.14984912991360463	3	3	CTCTCAGCAGCGTTTA_8
human_ad_medulla	3344.378779899994	2320	Neuroblasts	0.1966858281583971	1	1	CTCTCGAAGTCATACC_8
human_ad_medulla	3292.283274800131	2121	Bridge	0.17360640998751803	2	2	CTCTGGTGTTCTTAGG_8
human_ad_medulla	2850.876710700014	1539	SCPs	0.19429219016068666	3	3	CTGAGCGTCAAGCCTA_8
human_ad_medulla	3357.4395105998915	2447	SCPs	0.125053937285971	3	3	CTGCCATTCTTTGATC_8
human_ad_medulla	2895.534429699945	1621	Chromaffin cells	0.3291692511833709	2	2	CTGCGAGGTCGGCACT_8
human_ad_medulla	3035.609720399979	1756	Neuroblasts	0.33559529512435776	1	1	CTGTGAAAGTGGATAT_8
human_ad_medulla	3242.218445999951	2586	Chromaffin cells	0.1498496563670489	0	0	CTTACCGAGTGACACG_8
human_ad_medulla	3087.942771000013	2018	Bridge	0.1822803438218245	2	2	CTTCCTTCAGGTCTCG_8
human_ad_medulla	3446.2847501001324	2348	Neuroblasts	0.23132941640322566	1	1	CTTCTCTAGAATCCCT_8
human_ad_medulla	3123.6805735399716	2518	Chromaffin cells	0.08550164900418308	0	0	CTTTCAATCCAGCCTT_8
human_ad_medulla	3117.5090001999647	2027	Neuroblasts	0.2608215693837115	1	1	GAAATGAGTAAGCAAT_8
human_ad_medulla	3359.106113599865	2474	Bridge	0.20313464860112523	2	2	GAACACTTCGAGCCTG_8
human_ad_medulla	3609.99098719991	2609	Bridge	0.15196076165982447	2	2	GAAGGGTCAGTGGCTC_8
human_ad_medulla	3548.795998799954	2580	Chromaffin cells	0.2058495079026884	0	0	GAATCGTAGTCTAACC_8
human_ad_medulla	3023.862078000103	1791	Neuroblasts	0.16035284926774476	1	1	GACACGCGTACCTTCC_8
human_ad_medulla	3157.0603253000154	2232	Chromaffin cells	0.2459886159844601	0	0	GACATCACAACCCTAA_8
human_ad_medulla	3600.0387344998767	2832	Neuroblasts	0.05329213770991623	1	1	GACCAATAGGGCATGT_8
human_ad_medulla	2910.620849900096	1589	Neuroblasts	0.2925388375573637	1	1	GACCCTTAGAAGGTAG_8
human_ad_medulla	3392.7140731999116	2259	SCPs	0.12198698772444812	3	3	GACCCTTGTAGGACTG_8
human_ad_medulla	3354.788635799927	2483	SCPs	0.2809190271908994	3	3	GACCCTTTCGCTTGCT_8
human_ad_medulla	3649.094141399874	2682	Bridge	0.19475067303343774	2	2	GACGTTATCATTCATC_8
human_ad_medulla	3260.7620346998574	2360	Bridge	0.19776161925884198	2	2	GACTATGTCCCATTTA_8
human_ad_medulla	3803.549191100123	3191	Late SCPs	0.07115878391511392	0	0	GACTGATCATACGCAT_8
human_ad_medulla	3165.7823118999445	1926	Neuroblasts	0.26933209109008	1	1	GAGAAATTCGTAGAGG_8
human_ad_medulla	3027.1366569000243	1828	Bridge	0.17660189498926077	2	2	GAGACCCCATCGTGGC_8
human_ad_medulla	2687.6499584999297	1497	Chromaffin cells	0.11537178754225338	0	0	GAGGCAATCTCTGGTC_8
human_ad_medulla	3382.8236058998787	2231	SCPs	0.2149445388556037	3	3	GAGGGATGTCGTGATT_8
human_ad_medulla	3244.882442499889	2706	Chromaffin cells	0.13489671128510072	0	0	GAGTTTGTCAGCTTGA_8
human_ad_medulla	3101.3004397999584	2352	Chromaffin cells	0.18593187960763777	0	0	GATCCCTCAGGCGAAT_8
human_ad_medulla	3496.956112800027	2340	SCPs	0.2941201024042752	3	3	GATCGTAAGTGGAAGA_8
human_ad_medulla	2566.56093689996	1482	Chromaffin cells	0.05624949243339442	0	0	GATGAGGTCCTGTAGA_8
human_ad_medulla	3705.963743399952	3000	SCPs	0.18683740261440382	3	3	GATGTTGTCTTCGATT_8
human_ad_medulla	2920.955087199915	1969	Chromaffin cells	0.15400184068945005	0	0	GATTGGTCATGACAAA_8
human_ad_medulla	3164.912165399939	2237	Chromaffin cells	0.20830970199032015	0	0	GCACATACATCGCTGG_8
human_ad_medulla	3398.468646099952	2491	Bridge	0.06113326960907016	2	2	GCACATATCCAGCCTT_8
human_ad_medulla	3023.616795600056	1771	Neuroblasts	0.23809134842999571	1	1	GCAGGCTAGCTGAAGC_8
human_ad_medulla	3012.072394000078	1821	Chromaffin cells	0.11134362529534583	0	0	GCAGTTAAGAGTGAAG_8
human_ad_medulla	3028.338288099964	1759	Bridge	0.2622538912250427	2	2	GCATCGGAGAGTTGAT_8
human_ad_medulla	2632.8001499000197	1490	Chromaffin cells	0.19343772067900408	0	0	GCATCGGTCTCCAAGA_8
human_ad_medulla	3101.8888056999754	1928	Neuroblasts	0.2699461013758178	1	1	GCCAGGTAGGTCGACA_8
human_ad_medulla	3137.9822799000062	2141	Chromaffin cells	0.13848644168055907	0	0	GCCGATGTCGGTAGAG_8
human_ad_medulla	2914.443803499973	1845	Chromaffin cells	0.30261738412689493	0	0	GCCGTGATCATTCGGA_8
human_ad_medulla	3221.793732300013	2191	Chromaffin cells	0.03666837166377571	0	0	GCTACCTGTCCTGAAT_8
human_ad_medulla	3095.276326500064	2059	Chromaffin cells	0.11557487353786751	0	0	GGACGTCTCCTTCAGC_8
human_ad_medulla	3020.3607919000365	1892	Bridge	0.24836525557203276	2	2	GGAGAACTCTCATAGG_8
human_ad_medulla	3641.2980370999444	2695	SCPs	0.17850421014086287	3	3	GGAGAACTCTGCTTTA_8
human_ad_medulla	3613.8387465001038	2852	Chromaffin cells	0.0937817245797772	0	0	GGAGGATGTCGTAATC_8
human_ad_medulla	3633.310353200126	2688	SCPs	0.17715112870363361	3	3	GGGAAGTAGACGCCAA_8
human_ad_medulla	2948.7433355000185	1909	Chromaffin cells	0.15995861502134356	0	0	GGGACTCCAGTAGGAC_8
human_ad_medulla	3635.588260900166	2636	SCPs	0.16419474295810316	3	3	GGGAGTATCGAGTGAG_8
human_ad_medulla	3064.478335900064	2076	Chromaffin cells	0.15349136408949288	0	0	GGGATGATCAGCCCAG_8
human_ad_medulla	3606.267077800038	2587	SCPs	0.22447674355107397	3	3	GGGCTACCAACCGTAT_8
human_ad_medulla	3005.535048000042	1944	Chromaffin cells	0.16751590381054607	0	0	GGGTATTAGCCAAGTG_8
human_ad_medulla	2944.359210199968	1964	Chromaffin cells	0.22499222842956335	0	0	GGGTCACAGTGGACGT_8
human_ad_medulla	3006.484184899942	2197	Chromaffin cells	0.2508349466089402	0	0	GGTAACTGTTTGTTGG_8
human_ad_medulla	3087.0943130000132	1995	Bridge	0.210657979337218	2	2	GGTCTGGCAGTGCCTG_8
human_ad_medulla	3100.9437267999447	2049	Chromaffin cells	0.2697417217768052	0	0	GGTGAAGAGAAACTGT_8
human_ad_medulla	2922.622852199959	1644	Bridge	0.1267236515724953	2	2	GGTGTCGCAGAGAAAG_8
human_ad_medulla	3567.748081500088	3059	Bridge	0.18985692502010898	2	2	GTAACACTCAACTCTT_8
human_ad_medulla	2662.8354421000154	1438	Chromaffin cells	0.21581505222372477	0	0	GTAAGTCCAGAGGAAA_8
human_ad_medulla	3142.7477225999237	2171	Chromaffin cells	0.2906978417103769	0	0	GTAATGCGTCCCTCAT_8
human_ad_medulla	3378.944081299955	2475	Bridge	0.1581025631517624	2	2	GTAGTACCAGTCGCAC_8
human_ad_medulla	2873.576052500056	1603	Neuroblasts	0.29214257241238745	1	1	GTATTGGGTTTCGTGA_8
human_ad_medulla	2526.8679732000273	1518	Chromaffin cells	0.07518689223774518	0	0	GTCGTTCAGTCCCGAC_8
human_ad_medulla	2393.4806857999865	1063	SCPs	0.20231109566616529	3	3	GTCGTTCTCGCGTCGA_8
human_ad_medulla	3505.699448419869	2897	Chromaffin cells	0.26609363230509187	0	0	GTCTCACGTCACATTG_8
human_ad_medulla	2861.1483579000137	1743	Chromaffin cells	0.2680335809509951	0	0	GTGAGGACAACAAGAT_8
human_ad_medulla	2807.354242100066	1698	Chromaffin cells	0.26868036412667085	0	0	GTGATGTAGGAACATT_8
human_ad_medulla	3020.2333807000427	1699	Neuroblasts	0.2906124028721777	1	1	GTGATGTCAAGCACCC_8
human_ad_medulla	3084.891729299963	1971	Neuroblasts	0.1265724356843491	1	1	GTGCTGGCACGCAGTC_8
human_ad_medulla	3193.0707750000165	2053	SCPs	0.23231478168534997	3	3	GTGCTGGCAGTTGAAA_8
human_ad_medulla	3102.185873800058	2251	Chromaffin cells	0.268921771272874	0	0	GTGGAGACAACGAGGT_8
human_ad_medulla	3491.610248500087	2429	Bridge	0.1708285884016488	2	2	GTGGAGAGTGGCCACT_8
human_ad_medulla	3221.9015767999495	1931	SCPs	0.15196804071411313	3	3	GTGGCGTTCCTACCAC_8
human_ad_medulla	2741.6117929000516	1560	Neuroblasts	0.3796187128663779	1	1	GTTAGTGTCCGTGCGA_8
human_ad_medulla	2851.765101700052	1600	Connecting progenitor cells	0.3867297202502897	2	2	GTTGAACGTAGGGTAC_8
human_ad_medulla	3040.7089996000695	1942	Chromaffin cells	0.27207981431594175	0	0	GTTTACTGTACTGAGG_8
human_ad_medulla	2914.3970956999815	2048	Chromaffin cells	0.18811497953003653	0	0	TAACTTCGTACCTATG_8
human_ad_medulla	3280.607403599949	2143	Bridge	0.13085281388103207	2	2	TAACTTCTCAAGTAAG_8
human_ad_medulla	3765.2040863598872	3060	Neuroblasts	0.08605086432731324	1	1	TAAGCGTAGTTGTAGA_8
human_ad_medulla	3354.957001500089	2321	Chromaffin cells	0.2901748366863456	0	0	TAAGTCGAGAAAGTCT_8
human_ad_medulla	3054.684687099929	1858	SCPs	0.35610066878382707	3	3	TACACCCAGATCCAAA_8
human_ad_medulla	2911.924186499969	1620	Neuroblasts	0.10860481926904843	1	1	TACACCCCAATTGCGT_8
human_ad_medulla	3015.849188900024	2242	Chromaffin cells	0.31298050760431795	0	0	TACACCCCACTGGCCA_8
human_ad_medulla	2866.5674199999767	1878	Chromaffin cells	0.20606474345543382	0	0	TACAGGTAGGACGCTA_8
human_ad_medulla	3691.7177917000167	2741	Bridge	0.19554830047493005	2	2	TACCTCGCACACAGAG_8
human_ad_medulla	3122.7475826999002	1969	Neuroblasts	0.2007648147654493	1	1	TACGTCCAGTAACGAT_8
human_ad_medulla	3457.2536386000575	2607	Chromaffin cells	0.15763316405697023	0	0	TACTTACGTTATTCTC_8
human_ad_medulla	3790.262096100162	3083	SCPs	0.20550564057336262	3	3	TACTTACTCTCGACCT_8
human_ad_medulla	3552.3911394998863	2575	SCPs	0.07527164929187509	3	3	TAGATCGGTGACTATC_8
human_ad_medulla	2775.6828623999754	1567	Chromaffin cells	0.4178163455594676	0	0	TAGGTTGGTGGATCGA_8
human_ad_medulla	3146.286264300025	2194	Chromaffin cells	0.24463916673241473	0	0	TATACCTCACTGGCCA_8
human_ad_medulla	3517.6660176001196	2497	Connecting progenitor cells	0.1523805606666704	2	2	TATCCTAGTCGTTATG_8
human_ad_medulla	2741.643509599975	1452	Neuroblasts	0.42514870584690645	1	1	TATCTTGTCGGAAACG_8
human_ad_medulla	2924.3776317000516	1669	Bridge	0.3740547725924465	2	2	TCAAGCAGTCCTTAAG_8
human_ad_medulla	3367.639205299956	2222	SCPs	0.17328573948230358	3	3	TCAATTCCAACCACGC_8
human_ad_medulla	3600.1968356999087	2636	SCPs	0.11874132985200847	3	3	TCACTATAGCTGAAGC_8
human_ad_medulla	3028.69003490001	1862	Bridge	0.22839100139966517	2	2	TCACTATCAAAGGGCT_8
human_ad_medulla	3054.075903999882	2016	Chromaffin cells	0.310677121271717	0	0	TCAGGGCAGCTCGACC_8
human_ad_medulla	2864.2010666000256	1555	Bridge	0.2630247431945403	2	2	TCAGTGATCCGACAGC_8
human_ad_medulla	3173.5508662000984	1985	SCPs	0.06083792198080572	3	3	TCAGTGATCTTCTAAC_8
human_ad_medulla	3359.8071458	2221	Neuroblasts	0.28314704645747824	1	1	TCATTTGTCATGCGGC_8
human_ad_medulla	3466.0388780000862	2547	SCPs	0.06150259922156439	3	3	TCCACCAAGACTTCGT_8
human_ad_medulla	2810.7209444000355	1636	Chromaffin cells	0.10483422788273164	0	0	TCCAGAAGTATTTCGG_8
human_ad_medulla	3035.1742110999166	1772	Bridge	0.16615582333155185	2	2	TCCATCGGTGGATGAC_8
human_ad_medulla	3284.035742699874	2180	Bridge	0.1503633330111194	2	2	TCCTGCAGTATCAGCT_8
human_ad_medulla	3100.2168425000923	2013	Chromaffin cells	0.19615784665874764	0	0	TCGACCTAGACCGCCT_8
human_ad_medulla	2826.006771600046	1814	Chromaffin cells	0.13468152441280365	0	0	TCGATTTGTCGAAACG_8
human_ad_medulla	3294.1708384999256	1936	Neuroblasts	0.16984980058131635	1	1	TCGGATACATATTCGG_8
human_ad_medulla	2690.7498433999804	1389	Chromaffin cells	0.27769326897213464	0	0	TCGGGACGTGCATGTT_8
human_ad_medulla	3550.037234800132	2572	Bridge	0.1590600950504653	2	2	TCTTAGTAGCATATGA_8
human_ad_medulla	3140.5476233000854	2058	Bridge	0.21396186289762664	2	2	TCTTAGTCAATGTGGG_8
human_ad_medulla	2359.644340599966	1101	Neuroblasts	0.08285364308347021	1	1	TCTTAGTTCCGTGTCT_8
human_ad_medulla	3287.2024951999365	2451	Chromaffin cells	0.031490439104726924	0	0	TCTTGCGCATTAGGCT_8
human_ad_medulla	2545.3770520000016	1286	Chromaffin cells	0.2468916027612555	0	0	TGACTCCGTCTGTGGC_8
human_ad_medulla	2892.0123852999327	1602	Chromaffin cells	0.19833637052025016	0	0	TGAGGAGCAACCTATG_8
human_ad_medulla	2738.4188030000614	1701	Chromaffin cells	0.29446177447970945	0	0	TGATGGTTCCCGAGTG_8
human_ad_medulla	3404.739998899943	2486	SCPs	0.22135377745246382	3	3	TGATTCTGTCACATTG_8
human_ad_medulla	3599.424500499845	2698	Neuroblasts	0.09970640027319987	1	1	TGCAGTAGTGTTACAC_8
human_ad_medulla	3404.2944925999122	2171	SCPs	0.24960032448634048	3	3	TGCGGCACATGACGGA_8
human_ad_medulla	2856.977179199977	1603	Chromaffin cells	0.10764165084654817	0	0	TGCGGCAGTGGTACAG_8
human_ad_medulla	2589.1484189999733	1494	Chromaffin cells	0.19089088766525636	0	0	TGCTCGTTCAGGAAAT_8
human_ad_medulla	3492.321388000129	2687	Bridge	0.14912432509489895	2	2	TGGAACTAGGTACTGG_8
human_ad_medulla	3183.0002243999224	2209	Chromaffin cells	0.22683235284286446	0	0	TGGAGGATCAGCGCAC_8
human_ad_medulla	3293.518673200102	2190	Chromaffin cells	0.30701449432424877	0	0	TGGCGTGCAGGCCTGT_8
human_ad_medulla	3160.234148300064	2271	Chromaffin cells	0.2217568816465617	0	0	TGGGAAGGTTTGTGGT_8
human_ad_medulla	3533.198717100135	2600	SCPs	0.20001993847094762	3	3	TGGGAGACATGAAGCG_8
human_ad_medulla	1627.9047435000155	633	Chromaffin cells	0.1447400414187673	0	0	TGGGCGTGTAGCTGCC_8
human_ad_medulla	3730.9311163001084	3270	Chromaffin cells	0.16755618115510526	0	0	TGGTAGTCACCGTGGT_8
human_ad_medulla	2839.9531626999324	1582	Chromaffin cells	0.38750774289311	0	0	TGTACAGCACAAACGG_8
human_ad_medulla	3074.7373849999412	1899	Neuroblasts	0.23409834072707766	1	1	TGTCAGAGTACGCTAT_8
human_ad_medulla	3237.950625700067	2266	Chromaffin cells	0.1347177274840899	0	0	TGTGTGATCCGATCGG_8
human_ad_medulla	2457.449444300006	1331	Chromaffin cells	0	0	0	TTACCGCGTCGCTTAA_8
human_ad_medulla	3487.585544500045	2413	Chromaffin cells	0.19483859286881247	2	2	TTAGTCTGTGTGATGG_8
human_ad_medulla	3504.0844508998807	2424	SCPs	0.06565036979657339	3	3	TTCACCGAGCCTAGGA_8
human_ad_medulla	2592.3646189000124	1405	Chromaffin cells	0.30141896487213943	0	0	TTCAGGAAGTGCCCGT_8
human_ad_medulla	2771.8885597999506	1442	Neuroblasts	0.24865524898654057	1	1	TTCCGGTGTGTTCCTC_8
human_ad_medulla	3249.282687200033	2140	Bridge	0.03831494578493587	2	2	TTCCTTCGTTTCGACA_8
human_ad_medulla	2899.855981500064	1680	Bridge	0.10336338835866886	2	2	TTCTCTCAGACTTCGT_8
human_ad_medulla	2832.6580376000543	1838	Chromaffin cells	0.10316206761321015	0	0	TTCTGTAAGGACCCAA_8
human_ad_medulla	3110.404181900099	1972	Chromaffin cells	0.3530405843684238	2	2	TTCTTCCCAGAGATTA_8
human_ad_medulla	3495.572937300008	2731	Connecting progenitor cells	0.18554503414280638	2	2	TTGACCCAGGTGCAGT_8
human_ad_medulla	3131.4306086000033	1813	Neuroblasts	0.2788842382780556	1	1	TTGATGGTCGTCAGAT_8
human_ad_medulla	2642.057525099984	1292	Bridge	0.07088483813118816	2	2	TTGGGATCAGGGTTGA_8
human_ad_medulla	2839.83836699993	1613	Bridge	0.12914854741801896	2	2	TTGGGCGGTGTGAGCA_8
human_ad_medulla	3335.900788599921	2263	SCPs	0.24468453701903342	3	3	TTGTTCAGTACAGCGA_8
human_ad_medulla	3302.2784781000487	2105	Bridge	0.33034768788719615	2	2	TTGTTGTAGTCTTCGA_8
human_ad_medulla	3417.289216199928	2225	SCPs	0.30929722746011873	3	3	TTTACCAGTCGCAACC_8
human_ad_medulla	2635.20350710005	1550	Chromaffin cells	0.37984550236939113	0	0	TTTACTGCAATTTCTC_8
human_ad_medulla	2955.7993034999545	1682	SCPs	0.15747680481852686	3	3	TTTATGCGTGGGTTGA_8
human_ad_medulla	3523.024909800118	2536	Neuroblasts	0.18071852067492827	1	1	TTTGACTGTAGGTGCA_8
human_ad_medulla	2922.8517332000556	2127	Chromaffin cells	0.14110527582199842	0	0	TTTGATCTCGATTCCC_8
human_ad_medulla	2138.2595401000176	904	Late neuroblasts	0	1	1	AAAGTAGAGCTGATAA_9
human_ad_medulla	2047.1008412000115	904	Late chromaffin cells	0	0	0	AACTCCCCACAGGAGT_9
human_ad_medulla	2093.1824787999835	913	Late chromaffin cells	0	0	0	AACTCCCGTCGTTGTA_9
human_ad_medulla	2175.7800044999835	971	Late chromaffin cells	0	0	0	ACATCAGCATCCGCGA_9
human_ad_medulla	1974.4822033000119	822	Late chromaffin cells	0	0	0	ACGCCAGGTCTCTCGT_9
human_ad_medulla	2206.2868123999847	951	Late SCPs	0	3	3	ACGCCAGTCATGTCCC_9
human_ad_medulla	2367.0045188000536	1101	Late chromaffin cells	0	0	0	ACTATCTTCCTTCAAT_9
human_ad_medulla	1994.9741999999871	857	Late chromaffin cells	0	0	0	AGCATACGTCCGAACC_9
human_ad_medulla	2079.8474508999725	918	Late chromaffin cells	0	0	0	AGCCTAAGTTGATTCG_9
human_ad_medulla	1976.3448725999974	809	Late neuroblasts	0	1	1	AGGCCGTCAACTGCTA_9
human_ad_medulla	2022.8605993000222	841	Late chromaffin cells	0.11307880042705495	0	0	ATCCACCTCACCAGGC_9
human_ad_medulla	2061.0144194000195	855	Late chromaffin cells	0.11041098881115273	0	0	ATGCGATCAGATCTGT_9
human_ad_medulla	2378.3804054000125	1117	Late chromaffin cells	0	0	0	ATTGGACTCTTCATGT_9
human_ad_medulla	2458.6208432999942	1151	Late chromaffin cells	0.08099289507882147	0	0	CAGATCAAGATAGCAT_9
human_ad_medulla	1996.8430437999768	835	Late chromaffin cells	0	0	0	CAGATCATCCAAACTG_9
human_ad_medulla	2015.8846369000137	837	Late chromaffin cells	0	0	0	CAGCATACACGGTAAG_9
human_ad_medulla	2110.8765904000156	899	Late SCPs	0.10542771709729712	3	3	CAGCATAGTCACCTAA_9
human_ad_medulla	1934.984841000027	797	Late chromaffin cells	0	0	0	CAGCCGAAGTATCTCG_9
human_ad_medulla	1932.7990694999785	872	Late chromaffin cells	0	0	0	CAGCTAAGTTTAGCTG_9
human_ad_medulla	1998.1533240000358	824	Late SCPs	0	3	3	CAGCTGGTCAGCGACC_9
human_ad_medulla	2304.359993300017	1081	Late chromaffin cells	0	0	0	CATTATCGTCTAACGT_9
human_ad_medulla	1829.616433000015	738	Late chromaffin cells	0.12794005113748236	0	0	CCTAGCTAGTGTTTGC_9
human_ad_medulla	1851.938330000028	745	Late SCPs	0.12630640891805317	3	3	CCTTTCTTCTTCTGGC_9
human_ad_medulla	1990.352813300002	869	Late chromaffin cells	0	0	0	CGACTTCTCAACACCA_9
human_ad_medulla	2943.4074888999203	1656	Late SCPs	0.10877551993987139	3	3	CGGGTCACAGAGCCAA_9
human_ad_medulla	2333.3929251999825	1062	Late chromaffin cells	0	0	0	CGTTGGGGTAAAGGAG_9
human_ad_medulla	1919.6580885000176	786	Late SCPs	0.15547759352980076	3	3	CTACCCAAGATGGGTC_9
human_ad_medulla	2144.525949900041	931	Late chromaffin cells	0.10179999920736602	0	0	CTACCCATCTTCGAGA_9
human_ad_medulla	1931.0540778999755	789	Late chromaffin cells	0	0	0	CTTAACTTCCGCAGTG_9
human_ad_medulla	2035.2287599999875	853	Late chromaffin cells	0	0	0	GAAATGAGTCATCGGC_9
human_ad_medulla	2081.382544099973	906	Late chromaffin cells	0.10337460098813309	0	0	GAATAAGTCCAGATCA_9
human_ad_medulla	2226.9868632999737	998	Late chromaffin cells	0	0	0	GACAGAGTCTTATCTG_9
human_ad_medulla	2324.3551053000224	1055	Late chromaffin cells	0	0	0	GATGAGGAGCTGAAAT_9
human_ad_medulla	2595.485381100012	1279	Late chromaffin cells	0	0	0	GCGCCAATCCGAACGC_9
human_ad_medulla	1962.675220700021	817	Late chromaffin cells	0	0	0	GTGCAGCGTTCAGACT_9
human_ad_medulla	2020.9662186999756	862	Late chromaffin cells	0	0	0	TATCAGGCAGTATGCT_9
human_ad_medulla	1908.5092722999862	767	Late chromaffin cells	0.12419014329145196	0	0	TCGCGTTTCTCACATT_9
human_ad_medulla	2039.137744999961	868	Late chromaffin cells	0	0	0	TCTCTAACAAACTGCT_9
human_ad_medulla	2399.497312000021	1102	Late SCPs	0	3	3	TCTCTAATCGTATCAG_9
human_ad_medulla	1949.4913387999864	788	Late neuroblasts	0	1	1	TGATTTCCAACCGCCA_9
human_ad_medulla	2017.1921589999797	835	Late chromaffin cells	0	0	0	TTAGTTCTCGGTTAAC_9
human_ad_medulla	2190.1153641999817	965	Late chromaffin cells	0	0	0	TTCTACAGTTAGGGTG_9
human_ad_medulla	2049.136603699988	861	Late chromaffin cells	0.21984000441288035	0	0	TTCTCCTCACCATGTA_9
human_ad_medulla	2103.3105780999836	909	Late neuroblasts	0	1	1	TTCTTAGGTGTCAATC_9
human_ad_medulla	2294.9848201999857	1041	Late SCPs	0.09046350467011306	3	3	TTCTTAGTCCCTAACC_9
human_ad_medulla	2109.690267500017	924	Late chromaffin cells	0.10279181420170165	0	0	AACTCCCAGACACTAA_10
human_ad_medulla	1976.2129343999866	805	Late chromaffin cells	0.23545144953788802	0	0	AACTGGTAGTTCGATC_10
human_ad_medulla	2405.6592649000045	1076	Late SCPs	0.11436722731863534	3	3	AAGTCTGGTAGAGGAA_10
human_ad_medulla	1947.540761199988	794	Late chromaffin cells	0.42322825094152655	0	0	AATCCAGCATAAGACA_10
human_ad_medulla	1998.5603936999696	821	Late chromaffin cells	0.26279939383150197	0	0	ACATCAGCATCTACGA_10
human_ad_medulla	1975.087587500014	854	Late chromaffin cells	0.2555137266792207	0	0	ACCCACTCACAAGACG_10
human_ad_medulla	1972.6607934000178	801	Late neuroblasts	0	1	1	ACGATGTAGATAGCAT_10
human_ad_medulla	2257.9844565999833	1006	Late chromaffin cells	0.19075755758238427	0	0	ACGCCAGTCCGCTGTT_10
human_ad_medulla	2125.4452440000064	937	Late chromaffin cells	0.3312841636300455	0	0	ACGGGCTGTCCAGTTA_10
human_ad_medulla	2020.4511594999942	841	Late chromaffin cells	0.2258782341033873	0	0	ACTATCTGTACTTAGC_10
human_ad_medulla	2541.51950039996	1295	Late chromaffin cells	0.14119614661368018	0	0	ACTGAGTAGCTAGTCT_10
human_ad_medulla	2672.921936699958	1404	Late chromaffin cells	0.0654453493752131	0	0	ACTGATGCATGTCGAT_10
human_ad_medulla	2009.123332800037	845	Late chromaffin cells	0	0	0	AGAGCGAAGTCTTGCA_10
human_ad_medulla	1962.4708630999924	807	Late chromaffin cells	0.11842279259774093	0	0	AGAGTGGCAGTCCTTC_10
human_ad_medulla	2268.1037444000003	1027	Late chromaffin cells	0.20907385791801347	0	0	AGCTCCTAGTAATCCC_10
human_ad_medulla	2668.1740810000783	1406	Late chromaffin cells	0.26131005655323264	0	0	AGGTCATTCCACGAAT_10
human_ad_medulla	2026.3519907999714	833	Late SCPs	0.3766783873016396	3	3	AGTAGTCAGTGTACTC_10
human_ad_medulla	2102.174757699987	904	Late SCPs	0.8241165315368353	3	3	ATAACGCCAATCTGCA_10
human_ad_medulla	1893.2889872999713	761	Late chromaffin cells	0.5031857927608907	0	0	ATGCGATAGAAACGCC_10
human_ad_medulla	2062.539973599984	868	Late chromaffin cells	0.5184700096422937	0	0	ATGCGATCACGAAACG_10
human_ad_medulla	1986.3210642999904	833	Late SCPs	0.4057409572324214	3	3	CAAGATCCATCGATGT_10
human_ad_medulla	2591.779953599975	1241	Late SCPs	0	3	3	CAAGTTGGTAGCCTAT_10
human_ad_medulla	2202.199899399996	968	Late chromaffin cells	0.28995474033668517	0	0	CAGAATCTCACAAACC_10
human_ad_medulla	2148.540003200002	928	Late chromaffin cells	0.3050247140029603	0	0	CAGAGAGCATGGTAGG_10
human_ad_medulla	1948.827658000039	803	Late chromaffin cells	0	0	0	CAGCAGCCAGCTTAAC_10
human_ad_medulla	2091.8259640999636	904	Late chromaffin cells	0.10459918929926042	0	0	CATCAAGCAGTCTTCC_10
human_ad_medulla	2293.8298788999687	1033	Late SCPs	0.45726316046724613	3	3	CATGGCGGTACGCTGC_10
human_ad_medulla	2325.1848335999593	1083	Late chromaffin cells	0.08573495195706986	0	0	CCAATCCAGTCCAGGA_10
human_ad_medulla	1885.2904502000254	756	Late chromaffin cells	0.12656724059398028	0	0	CCGGTAGGTATTCTCT_10
human_ad_medulla	2123.4132906999866	925	Late chromaffin cells	0.30541741583722115	0	0	CCTAAAGGTCTTCAAG_10
human_ad_medulla	2352.480692699997	1092	Late chromaffin cells	0.0850913253490951	0	0	CCTCAGTGTGTGCGTC_10
human_ad_medulla	1998.2056764999743	816	Late SCPs	0.11622185480264448	3	3	CCTTCGACAAGTCATC_10
human_ad_medulla	1806.1067205999877	727	Late chromaffin cells	0	0	0	CCTTCGACATCACGTA_10
human_ad_medulla	2467.1598364999954	1210	Late neuroblasts	0.07690868146961274	1	1	CCTTTCTAGCCCTAAT_10
human_ad_medulla	2145.264185199981	912	Late SCPs	0.20692817372449548	3	3	CGACCTTTCTCAACTT_10
human_ad_medulla	1882.7543074000212	763	Late chromaffin cells	0	0	0	CGATGTAGTTCCCGAG_10
human_ad_medulla	1996.9789599000128	848	Late chromaffin cells	0.3359936251073948	0	0	CGCGGTATCAGCTTAG_10
human_ad_medulla	1999.5628842999608	819	Late chromaffin cells	0.11499718353719218	0	0	CGCGGTATCTGCTTGC_10
human_ad_medulla	1918.5181432999796	809	Late chromaffin cells	0.11732436869887088	0	0	CGCTTCAGTTATGTGC_10
human_ad_medulla	1917.3622117999682	770	Late chromaffin cells	0.6531322471534383	0	0	CGGACACCATACCATG_10
human_ad_medulla	1896.701101899983	770	Late chromaffin cells	0	0	0	CGTAGGCCAACAACCT_10
human_ad_medulla	2005.1588207999591	828	Late SCPs	0.22935250576137772	3	3	CGTCAGGTCAGTTTGG_10
human_ad_medulla	2564.212830400018	1329	Late chromaffin cells	0.21080504457021776	0	0	CGTTAGACAGGTGCCT_10
human_ad_medulla	2222.539654799992	958	Late SCPs	0.19733904817076003	3	3	CGTTAGATCAAACAAG_10
human_ad_medulla	1928.99439779998	777	Late chromaffin cells	0.24492597829150878	0	0	CGTTCTGCACATGGGA_10
human_ad_medulla	1936.859686299983	801	Late neuroblasts	0.11704573212170635	1	1	CTCGTCACATCCCACT_10
human_ad_medulla	1846.0666431000122	764	Late SCPs	0.49684260502090105	3	3	CTGCCTAGTCGAACAG_10
human_ad_medulla	2060.7161857999936	904	Late chromaffin cells	0.10322419528986293	0	0	CTGCTGTTCACAACGT_10
human_ad_medulla	2108.186116999979	905	Late chromaffin cells	0	0	0	GAAACTCTCTTGTTTG_10
human_ad_medulla	2458.876074999969	1191	Late chromaffin cells	0.1571846844701211	0	0	GACTAACGTCTGCAAT_10
human_ad_medulla	2415.6776235000216	1160	Late chromaffin cells	0.9644145755775675	0	0	GACTAACTCGTGGTCG_10
human_ad_medulla	2071.052850400011	889	Late chromaffin cells	0.21150063839046762	0	0	GATCAGTAGGCTCTTA_10
human_ad_medulla	3110.4478155999773	1848	Late SCPs	0.35769677099867697	0	0	GATCAGTCAACAACCT_10
human_ad_medulla	2105.5715352000075	915	Late chromaffin cells	0.20527236086469225	0	0	GATCAGTGTTCCACTC_10
human_ad_medulla	2158.4358076999733	993	Late chromaffin cells	0.09515593156270938	0	0	GATTCAGTCTGACCTC_10
human_ad_medulla	2144.305632499983	978	Late chromaffin cells	0.1915106940801282	0	0	GCATACAAGCGATCCC_10
human_ad_medulla	1849.3923627999818	736	Late chromaffin cells	0	0	0	GCATGATGTTGATTGC_10
human_ad_medulla	2202.6954219000418	943	Late SCPs	0.3028984821807458	3	3	GCATGATTCTGGAGCC_10
human_ad_medulla	1799.6539940999735	722	Late chromaffin cells	0.5293662688068234	0	0	GCGCCAATCAGCCTAA_10
human_ad_medulla	1775.3128654000266	743	Bridge	0	2	2	GCTCTGTCAATAACGA_10
human_ad_medulla	1860.8531915999843	740	Late chromaffin cells	0.4197008305252094	0	0	GGAATAACACTCGACG_10
human_ad_medulla	1951.1753885999965	798	Late chromaffin cells	0.3568147251485895	0	0	GGACAGACACGTAAGG_10
human_ad_medulla	1965.9248723000178	787	Bridge	0	0	0	GGCTGGTAGAGCTTCT_10
human_ad_medulla	2069.9485030999867	907	Late chromaffin cells	0.10339806506271405	0	0	GGTATTGGTTCAGTAC_10
human_ad_medulla	2133.0805321000207	889	Late SCPs	0	3	3	GTAACGTGTCGAATCT_10
human_ad_medulla	2353.296968399993	1082	Late neuroblasts	0.08712593555049795	1	1	GTAGTCATCGGCGCTA_10
human_ad_medulla	2784.9526600000418	1448	Late neuroblasts	0.12728692487002444	1	1	GTATTCTTCTGTCCGT_10
human_ad_medulla	2684.7000298000603	1500	Late chromaffin cells	0	0	0	GTCATTTTCATGTGGT_10
human_ad_medulla	2296.8281047999862	1067	Late SCPs	0.08818136610951889	3	3	GTCGGGTTCGTTACGA_10
human_ad_medulla	1944.9407825999735	801	Late chromaffin cells	0	0	0	GTCTTCGCAATTCCTT_10
human_ad_medulla	1928.9731348000314	811	Late SCPs	0.11704463682092973	3	3	GTCTTCGTCCCACTTG_10
human_ad_medulla	2095.7709959000304	916	Late neuroblasts	0.1027932633963583	1	1	GTGCGGTCATACTCTT_10
human_ad_medulla	2203.1509629000225	954	Late chromaffin cells	0.09976329525357816	0	0	GTTAAGCCAATAGCAA_10
human_ad_medulla	3254.725899899928	2065	Late neuroblasts	0.2713954560742454	1	1	TACACGAAGATATGGT_10
human_ad_medulla	2226.942426999981	1024	Late chromaffin cells	0.3944894036544428	0	0	TACCTTAGTCCATGAT_10
human_ad_medulla	1856.2156020999707	742	Late chromaffin cells	0	0	0	TACGGTATCGGCATCG_10
human_ad_medulla	2556.7513126999575	1278	Late neuroblasts	0.14442358088009055	1	1	TACTCATGTGCTGTAT_10
human_ad_medulla	2039.9042631999837	848	Late chromaffin cells	0.11163049369914266	0	0	TACTCGCGTAGCACGA_10
human_ad_medulla	2954.1837780000596	1604	Late SCPs	0.17106361620539295	0	0	TATCAGGAGCTAGTCT_10
human_ad_medulla	2210.0314652999896	962	Late SCPs	0.19737583235756748	3	3	TATTACCCAAAGAATC_10
human_ad_medulla	2482.567358500023	1194	Late SCPs	0.15716779593676283	0	0	TCACGAAAGTGTACCT_10
human_ad_medulla	1885.7032421000224	830	Late chromaffin cells	0.11381785596390022	0	0	TCTATTGCACTTCTGC_10
human_ad_medulla	2251.253912800017	1030	Late SCPs	0.8171235814586725	3	3	TCTCATATCGTGGACC_10
human_ad_medulla	2369.1736232999965	1153	Late chromaffin cells	0.16120442007455157	0	0	TGAGCCGCACTATCTT_10
human_ad_medulla	1921.7809479999808	807	Late chromaffin cells	0.382471342930603	0	0	TGATTTCTCATGCATG_10
human_ad_medulla	2150.9514130000334	982	Late chromaffin cells	0	0	0	TGCACCTTCTGATTCT_10
human_ad_medulla	2668.876970799978	1317	Late neuroblasts	0.6343630030621169	1	1	TGGGCGTAGCAATATG_10
human_ad_medulla	2286.498586599988	1031	Late neuroblasts	0.09128280298233757	1	1	TTAGGCACAGTGGAGT_10
human_ad_medulla	1910.27590339998	793	Late chromaffin cells	0.3929148709168646	0	0	TTAGTTCAGACCTAGG_10
human_ad_medulla	2005.24238420002	889	Late chromaffin cells	0.1059825493788293	0	0	TTCCCAGAGTCCGTAT_10
human_ad_medulla	2200.029573100024	987	Late chromaffin cells	0.12334688738643712	0	0	TTCTACAAGTTTAGGA_10
human_ad_medulla	2825.1159593999655	1488	Late SCPs	0	3	3	AAAGGATTCACTACGA_11
human_ad_medulla	2992.086208600018	1728	Late chromaffin cells	0.14919241922807658	0	0	AAAGTCCAGTTGGCGA_11
human_ad_medulla	3565.711446100138	2515	Late SCPs	0.032673367366117534	3	3	AAAGTGAGTTATGACC_11
human_ad_medulla	3227.781186099936	2097	Late neuroblasts	0.03955225049014438	1	1	AACACACTCTCTATAC_11
human_ad_medulla	3597.569574400149	2711	Late SCPs	0	3	3	AACGTCAAGCCTGTGC_11
human_ad_medulla	2762.9725106000315	1432	Late chromaffin cells	0	0	0	AAGACTCCAGTATTCG_11
human_ad_medulla	3107.1355243000535	1819	Late neuroblasts	0	1	1	AAGATAGTCAGCAGAG_11
human_ad_medulla	3406.964419099953	2144	Late neuroblasts	0.07959476138927186	1	1	AAGCGAGCAAATCAAG_11
human_ad_medulla	2622.6686966999678	1340	Late neuroblasts	0.06738129761580655	1	1	AAGCGTTAGCAATTAG_11
human_ad_medulla	3246.0640987999614	2162	Late neuroblasts	0.0378611007852355	1	1	AAGGTAAAGTACAGAT_11
human_ad_medulla	2895.5143132000408	1548	Late neuroblasts	0.05783333525121862	1	1	AATCACGGTCGGAACA_11
human_ad_medulla	3401.389449200021	2210	Late SCPs	0.037511585164118295	3	3	AATCGACGTACGTACT_11
human_ad_medulla	3467.589591699921	2247	Late chromaffin cells	0.14987736762274118	0	0	AATGAAGCAATCTAGC_11
human_ad_medulla	3649.9061696001017	2602	Neuroblasts	0.15941142675011513	1	1	AATGGAAAGGCACTAG_11
human_ad_medulla	3169.007353899971	1960	Late chromaffin cells	0.1039695031299066	0	0	AATTTCCCATCCGTTC_11
human_ad_medulla	3312.3570312999254	2082	Late SCPs	0.0826116259250625	3	3	ACAAAGATCCAATCCC_11
human_ad_medulla	3187.8190000999184	1954	Late SCPs	0.13229801628849722	3	3	ACAGCCGGTAATGATG_11
human_ad_medulla	3322.8191772999135	2205	Late neuroblasts	0.11094415926043825	1	1	ACAGCCGTCAATCCGA_11
human_ad_medulla	3650.855709999987	2585	Late SCPs	0.271502258302069	3	3	ACAGGGACATCATCCC_11
human_ad_medulla	2840.8032904999673	1520	Late chromaffin cells	0.05860230117189873	0	0	ACCCAAAGTCGTATGT_11
human_ad_medulla	3648.1223072000184	2586	Late SCPs	0.1259228285996205	3	3	ACCCAAAGTTCGGTCG_11
human_ad_medulla	3222.6439978000253	2044	Late chromaffin cells	0.041428386160910546	0	0	ACCCTCATCCAAAGGG_11
human_ad_medulla	2450.3465041000154	1132	Late SCPs	0.08196516274899959	3	3	ACCTGAAGTCTCGACG_11
human_ad_medulla	3411.17657030005	2165	Late SCPs	0.03949935080263178	3	3	ACGGAAGGTACGGCAA_11
human_ad_medulla	3354.556970000041	2172	Late SCPs	0.09355724252314492	3	3	ACTACGATCATGCGGC_11
human_ad_medulla	3231.4183757000424	2108	Late chromaffin cells	0.03983371233138906	0	0	ACTATTCAGAAGTGTT_11
human_ad_medulla	2424.1949385999515	1096	Late neuroblasts	0	1	1	ACTCTCGAGATCGGTG_11
human_ad_medulla	2693.5001954000213	1351	Late chromaffin cells	0.293772078187091	0	0	ACTTCCGTCAGAATAG_11
human_ad_medulla	3534.572861499863	2513	Late neuroblasts	0.031797451744228065	1	1	ACTTCCGTCGGCGATC_11
human_ad_medulla	2544.7470633000426	1235	Late chromaffin cells	0.14973674417207594	0	0	ACTTCCGTCGTAACCA_11
human_ad_medulla	3062.2494155000436	1799	Late neuroblasts	0.16241568942181842	1	1	ACTTCGCCATTGGGAG_11
human_ad_medulla	3555.8950660001233	2526	Late chromaffin cells	0.046753966839356176	0	0	AGAAATGTCCTACACC_11
human_ad_medulla	3202.622601500077	1933	Late SCPs	0	3	3	AGAGAGCTCTATCGTT_11
human_ad_medulla	3634.3415321000525	2663	Late chromaffin cells	0.0911174272079621	0	0	AGATGAACATGAATAG_11
human_ad_medulla	3701.3808025999733	2882	Late chromaffin cells	0.10707723553372353	0	0	AGATGAAGTGTGGACA_11
human_ad_medulla	3520.5552941001183	2602	Late chromaffin cells	0.030696092227582197	0	0	AGCGATTGTTGGCCGT_11
human_ad_medulla	2836.295863599977	1473	Late chromaffin cells	0.1225279155323741	0	0	AGCGCTGCAGCTTTCC_11
human_ad_medulla	3458.545969300035	2428	Late chromaffin cells	0.21116457218806542	0	0	AGGCCACCACGCTTAA_11
human_ad_medulla	3284.3829269000407	2052	Late SCPs	0.0418379656265282	3	3	AGGGAGTTCCCTCTAG_11
human_ad_medulla	3004.66205469994	1670	Late neuroblasts	0.15999485507797248	1	1	AGGTAGGAGATTAGAC_11
human_ad_medulla	2912.969922100076	1564	Late SCPs	0.05666659609069902	3	3	AGGTTACAGGTCGTAG_11
human_ad_medulla	3020.1522457000774	1680	Late SCPs	0.15930018451386962	3	3	AGGTTACGTGCGTGCT_11
human_ad_medulla	3706.5941067799795	2882	Late SCPs	0.06578471204979822	3	3	AGGTTGTCATTCTGTT_11
human_ad_medulla	3155.729517099968	1934	Late chromaffin cells	0	0	0	AGTAGTCCAGGTCAGA_11
human_ad_medulla	2627.8858145999584	1273	Late SCPs	0.1686660156759792	3	3	ATACTTCAGATGGCGT_11
human_ad_medulla	2935.619875200047	1629	Late SCPs	0.16146703938216764	3	3	ATACTTCCAAATGCGG_11
human_ad_medulla	2722.6920038000367	1389	Late neuroblasts	0	1	1	ATAGAGACAAACGTGG_11
human_ad_medulla	3475.7658974001147	2357	Late neuroblasts	0.034651824534584104	1	1	ATAGGCTCAATACGAA_11
human_ad_medulla	3384.5587376999947	2214	Late chromaffin cells	0.03717844769493073	0	0	ATCAGGTTCACTGTTT_11
human_ad_medulla	3331.4930862999527	2163	Late neuroblasts	0.16806006060838932	1	1	ATCATTCTCACATCAG_11
human_ad_medulla	3071.8061869000544	1749	Late SCPs	0	3	3	ATCCGTCTCGCGTTTC_11
human_ad_medulla	3191.902603900046	1875	Late SCPs	0.09510788945410642	3	3	ATCGTAGGTTTCGTAG_11
human_ad_medulla	2937.85858639996	1678	Late chromaffin cells	0.12267423682963316	0	0	ATCGTCCCAACCTATG_11
human_ad_medulla	3484.358336799926	2342	Late SCPs	0.035514177371793514	3	3	ATCTTCATCCAAGAGG_11
human_ad_medulla	3369.439470199904	2397	Late chromaffin cells	0.033476956923433866	0	0	ATCTTCATCGGCTGGT_11
human_ad_medulla	2827.6705468000378	1535	Late chromaffin cells	0.11514293996111148	0	0	ATGAAAGGTAGTTACC_11
human_ad_medulla	3162.3619388000407	1896	Late SCPs	0.18425072502013903	3	3	ATGGGAGCATATAGCC_11
human_ad_medulla	3341.731841100119	2214	Late chromaffin cells	0.07591987390480712	0	0	ATTACTCGTATAGCTC_11
human_ad_medulla	3119.7259666000677	1859	Late SCPs	0.13786051230285346	3	3	ATTATCCTCGCCGAGT_11
human_ad_medulla	3884.4929331001604	2918	Late SCPs	0.04086125080766296	3	3	ATTCAGGCAGCGGTCT_11
human_ad_medulla	2981.2142538000016	1669	Late chromaffin cells	0.10632817134694453	0	0	ATTCCTATCTGCCCTA_11
human_ad_medulla	2736.021051100033	1426	Late SCPs	0.41280282530936785	3	3	ATTCGTTCAATTGCGT_11
human_ad_medulla	2954.062545599967	1642	Late neuroblasts	0.2553290217647748	1	1	CAACCAACAGGGAGAG_11
human_ad_medulla	3022.3381909000955	1718	Late neuroblasts	0	1	1	CAACGGCTCGACACCG_11
human_ad_medulla	2659.1444229000426	1317	Late neuroblasts	0.13882861600927682	1	1	CAATACGAGTTGGGAC_11
human_ad_medulla	2638.8781469999444	1304	Late chromaffin cells	0.1397927753577353	0	0	CAATACGTCCACGTGG_11
human_ad_medulla	2760.676813999964	1471	Late neuroblasts	0.143999941602728	1	1	CACATGATCTCCAAGA_11
human_ad_medulla	3377.3631798998695	2236	Late SCPs	0.12700399014023625	3	3	CACCAAATCAGACAAA_11
human_ad_medulla	3207.253504100026	2095	Chromaffin cells	0.09784117769264221	0	0	CACCGTTCAGAGGCAT_11
human_ad_medulla	2628.1312046000494	1326	Late chromaffin cells	0.06803386744430448	0	0	CACTTCGGTATTGCCA_11
human_ad_medulla	3964.3983889000247	3481	Late SCPs	0.09893740777874463	3	3	CACTTCGTCCGTTGAA_11
human_ad_medulla	3045.5115457000466	1728	Late chromaffin cells	0.1201254286875168	0	0	CAGCACGCAGGTTTAC_11
human_ad_medulla	3109.458162700046	1832	Late neuroblasts	0.11119449495978094	1	1	CAGCAGCAGCCTTTGA_11
human_ad_medulla	3441.358403400112	2391	Late SCPs	0.06642971559548448	3	3	CAGCCAGTCATCAGTG_11
human_ad_medulla	3751.0177960001483	2811	Late SCPs	0.08323251367479988	3	3	CAGGCCACAAACACCT_11
human_ad_medulla	2306.8584657999986	1029	Late neuroblasts	0.27215811429604714	1	1	CATAGACTCTACCACC_11
human_ad_medulla	2699.1619451999513	1382	Late chromaffin cells	0.349200603422918	0	0	CATCGGGCAAGCACCC_11
human_ad_medulla	3389.5819196000984	2277	Late SCPs	0.14393144982834888	3	3	CATGCGGCAGGACTAG_11
human_ad_medulla	3174.314004899947	1960	Late neuroblasts	0.0865634967353083	1	1	CATTGCCAGGTAGTCG_11
human_ad_medulla	3443.507920899905	2439	Late chromaffin cells	0	0	0	CATTGCCCAGAAATCA_11
human_ad_medulla	3768.462026749833	3121	Late chromaffin cells	0.04678539646903656	0	0	CATTGCCGTCGCTCGA_11
human_ad_medulla	2706.309924200016	1390	Late chromaffin cells	0.13030099651437324	0	0	CATTGTTAGCGTGTTT_11
human_ad_medulla	3295.199653599931	2101	Late neuroblasts	0.12350004029510271	1	1	CCAATGAGTGTCATGT_11
human_ad_medulla	2898.7075236000633	1646	Late SCPs	0.1568043572176245	3	3	CCAATGATCACTTGTT_11
human_ad_medulla	3834.432086599804	2987	Late SCPs	0.07807537159054799	3	3	CCACAAATCAAGCTTG_11
human_ad_medulla	3088.0108094000757	1850	Late SCPs	0.04641759010806281	3	3	CCACGTTCACATTACG_11
human_ad_medulla	3741.823399700066	2869	Late SCPs	0.0525032742100409	3	3	CCATCACTCCGCCTAT_11
human_ad_medulla	3390.305766599936	2243	Late SCPs	0.10993044747517584	3	3	CCCTCTCGTCTTGAAC_11
human_ad_medulla	3243.3647795999545	2012	Late chromaffin cells	0.0858241051857058	0	0	CCGTAGGGTGCTCGTG_11
human_ad_medulla	2980.3376619000433	1672	Late SCPs	0.052158633562646835	3	3	CCTAAGAGTCACTTAG_11
human_ad_medulla	3187.940503599965	1961	Late chromaffin cells	0.04353740599715298	0	0	CCTCATGTCCTACCGT_11
human_ad_medulla	2716.9566280000627	1371	Late chromaffin cells	0.13332471938156815	0	0	CCTCCTCGTCGAGCAA_11
human_ad_medulla	3753.0420101999275	2826	Late SCPs	0.06863808326682637	3	3	CCTCTCCTCCAACTGA_11
human_ad_medulla	3732.4324013001387	2870	Late chromaffin cells	0.10920493291667345	0	0	CCTTGTGAGGCCTTGC_11
human_ad_medulla	3015.819465999949	1731	Late chromaffin cells	0.0500828652718838	0	0	CCTTTGGGTTGAATCC_11
human_ad_medulla	3712.670094340145	2929	Late chromaffin cells	0.025792325621923913	0	0	CCTTTGGTCCTCTGCA_11
human_ad_medulla	2549.8779057000415	1258	Late chromaffin cells	0.23950895006964412	0	0	CGAATTGAGGACTGGT_11
human_ad_medulla	3303.106346399922	2195	Late neuroblasts	0	1	1	CGAGGAAGTTTCCCAC_11
human_ad_medulla	3281.978774100091	2088	Late SCPs	0.0822629756568213	3	3	CGCATAAAGCCTCTGG_11
human_ad_medulla	2757.3508134000463	1454	Late neuroblasts	0.06164227967438549	1	1	CGCCAGAAGGTGATCG_11
human_ad_medulla	2555.901099499982	1210	Late chromaffin cells	0.07778228587909466	0	0	CGCGTGACACACGGAA_11
human_ad_medulla	3265.5347576000922	1961	Late SCPs	0.04396132659923153	3	3	CGCGTGACACCTGCAG_11
human_ad_medulla	3280.9735364000867	2095	Late chromaffin cells	0	0	0	CGGAACCTCTCCTACG_11
human_ad_medulla	2754.707065700062	1456	Late chromaffin cells	0.1831787874228157	0	0	CGGAATTCAATAGTGA_11
human_ad_medulla	3479.443543999935	2399	Late chromaffin cells	0.06861639138008226	0	0	CGGAATTTCCTACGAA_11
human_ad_medulla	3477.4284371999715	2339	Late neuroblasts	0.12020804958292283	1	1	CGTCCATGTGGATTTC_11
human_ad_medulla	2190.541324699995	948	Late neuroblasts	0.5234697410499861	1	1	CGTGAATAGGCATCAG_11
human_ad_medulla	2474.7092702999857	1156	Late neuroblasts	0	1	1	CGTGATACAGTCTGGC_11
human_ad_medulla	2716.1617192000704	1383	Late neuroblasts	0.0652852106509415	1	1	CGTTAGATCTCGCAGG_11
human_ad_medulla	2840.4588438999967	1517	Late chromaffin cells	0.1400086260197197	0	0	CGTTCTGGTCGCATTA_11
human_ad_medulla	3414.2226797000276	2160	Late SCPs	0	3	3	CTCAGAAAGCGTGCCT_11
human_ad_medulla	3052.367981800083	1694	Late chromaffin cells	0.1583084781655427	0	0	CTCATTACACAGTCGC_11
human_ad_medulla	3643.3789091000767	2716	Late SCPs	0.058420094453632776	3	3	CTCCATGGTCTTGAGT_11
human_ad_medulla	3538.489203899925	2601	Late chromaffin cells	0.04403557027339933	0	0	CTCCCAAGTTAACAGA_11
human_ad_medulla	3195.7715777999556	2004	Late SCPs	0.22669281967227906	3	3	CTCCTTTAGCATGAAT_11
human_ad_medulla	3191.9898800000874	2083	Late chromaffin cells	0.0780384366381491	0	0	CTCCTTTGTCAGTCTA_11
human_ad_medulla	3211.818570499937	2026	Late chromaffin cells	0.1424219332316763	0	0	CTGAATGTCCAACTGA_11
human_ad_medulla	3262.019537099935	1978	Late SCPs	0.2180086268374221	3	3	CTGATCCGTGCGACAA_11
human_ad_medulla	2855.3827538000355	1544	Late SCPs	0.2291634349647769	3	3	CTGTGGGGTACGACAG_11
human_ad_medulla	3181.8255711000675	2070	Late chromaffin cells	0.17711980352372247	0	0	CTTCTAAAGTAGTCTC_11
human_ad_medulla	3258.287263800011	2044	Late SCPs	0.04167250429651928	3	3	CTTTCGGCACAAATCC_11
human_ad_medulla	3028.0741058000704	1721	Late SCPs	0.17047856226874117	3	3	GAAATGACACAGAGCA_11
human_ad_medulla	3558.159331200094	2448	Late neuroblasts	0.034160395498366934	1	1	GAACACTCACCAAAGG_11
human_ad_medulla	3601.844421100148	2550	Late SCPs	0.1559442869629661	3	3	GAACACTTCACACGAT_11
human_ad_medulla	2965.1704699000543	1687	Late chromaffin cells	0.051924835878049753	0	0	GAAGCGATCCAGCAAT_11
human_ad_medulla	3631.5160030999978	2667	Late SCPs	0.029968732041135714	3	3	GACATCACATGACTCA_11
human_ad_medulla	2796.504187699957	1479	Late chromaffin cells	0.12171555526256908	0	0	GACATCATCAGTGTCA_11
human_ad_medulla	3171.3415339000594	1915	Late SCPs	0.045561630135215025	3	3	GACTATGGTGAGTGAC_11
human_ad_medulla	2479.610965799956	1168	Late chromaffin cells	0.07849026024016283	0	0	GAGAAATAGGTCGTAG_11
human_ad_medulla	3772.2903206001256	2906	Late SCPs	0.05361723059741142	3	3	GAGACCCCAGGACGAT_11
human_ad_medulla	2964.914405400047	1578	Late chromaffin cells	0.05777497646745296	0	0	GAGACCCGTCTGTAGT_11
human_ad_medulla	3781.908630200154	2705	Late SCPs	0.08949992797210603	3	3	GAGACTTCAATAGTAG_11
human_ad_medulla	3367.0009777000914	2203	Late chromaffin cells	0.11490945579240111	0	0	GAGACTTCAGGCTTGC_11
human_ad_medulla	3168.0692108000017	1931	Late SCPs	0	3	3	GAGAGGTGTCCTCCTA_11
human_ad_medulla	3623.3082623999344	2575	Late SCPs	0.19132991448561448	3	3	GAGCCTGAGAGAGAAC_11
human_ad_medulla	3567.0620704001394	2628	Late SCPs	0.0881877168918209	3	3	GAGTTACTCTTTCCAA_11
human_ad_medulla	3599.2196791001224	2564	Late SCPs	0	3	3	GATCACAGTCGTGGAA_11
human_ad_medulla	3195.54719719995	1975	Late SCPs	0.08688166466240055	3	3	GATGCTAAGAGTCTGG_11
human_ad_medulla	2789.9954015999756	1470	Late neuroblasts	0.06079036901019152	1	1	GCAACATGTCGCATCG_11
human_ad_medulla	2547.7813800999866	1241	Late chromaffin cells	0.14738261411788156	0	0	GCACGTGAGTAGGGTC_11
human_ad_medulla	3302.665594500072	2209	Late neuroblasts	0.07392079307289211	1	1	GCATCTCAGACGACTG_11
human_ad_medulla	3751.634187499874	2727	Late SCPs	0.0297353564938969	3	3	GCATGATAGCATTTGC_11
human_ad_medulla	3074.6707336000873	1781	Late chromaffin cells	0.09764484265554838	0	0	GCATGATTCCGATTAG_11
human_ad_medulla	3175.664014499941	1976	Late chromaffin cells	0.14711629374733043	0	0	GCCAGGTAGCGTGAAC_11
human_ad_medulla	3629.178622300063	2611	Late SCPs	0.06166801452670292	3	3	GCCCAGAAGACGAGCT_11
human_ad_medulla	3049.1857781999993	1758	Late neuroblasts	0.11906967512301775	1	1	GCCGTGATCTACCTTA_11
human_ad_medulla	3597.664403099908	2677	Late chromaffin cells	0.08769946405455152	0	0	GCTACCTCACAACGTT_11
human_ad_medulla	3722.4636063100897	2903	Late chromaffin cells	0.07778445664564003	0	0	GCTACCTGTGTGTACT_11
human_ad_medulla	3161.385767900118	1893	Late SCPs	0.18566080924374687	3	3	GCTGAATAGAGAGCCT_11
human_ad_medulla	3085.087469000068	1837	Late neuroblasts	0	1	1	GCTGGGTTCCACGGGT_11
human_ad_medulla	3529.433628599967	2507	Late SCPs	0.09662934790341539	3	3	GCTTCACTCCCTCGAT_11
human_ad_medulla	3257.4332727998994	2052	Late SCPs	0.15865854392644918	3	3	GGAATCTCACGACAGA_11
human_ad_medulla	2792.1094410999617	1459	Late chromaffin cells	0.2050394950759754	0	0	GGAGATGGTAGCTTAC_11
human_ad_medulla	3463.9328967999127	2338	Late SCPs	0.10744230938879468	3	3	GGAGATGGTTCTCAGA_11
human_ad_medulla	2206.2148583000135	941	Late neuroblasts	0.09998135910024963	1	1	GGATGTTAGCTCCGAC_11
human_ad_medulla	3456.530691300091	2263	Late SCPs	0.03761168107872388	3	3	GGATGTTGTATTGCCA_11
human_ad_medulla	3383.0256627998633	2098	Late SCPs	0.1845098122854314	3	3	GGCTTGGAGGAAAGTG_11
human_ad_medulla	3280.060056100057	2074	Late SCPs	0.08223375041513933	3	3	GGGACCTGTACAGGTG_11
human_ad_medulla	3882.1507770000767	3039	Late chromaffin cells	0.05267432713111131	0	0	GGGATCCGTAGTATAG_11
human_ad_medulla	2795.834975099996	1491	Late neuroblasts	0.11941384343976136	1	1	GGGTTTATCCATTGGA_11
human_ad_medulla	3437.4148495999093	2265	Late SCPs	0.24815929916032287	3	3	GTAAGTCTCACTGGTA_11
human_ad_medulla	3408.592106599881	2212	Late neuroblasts	0.07654441829364562	1	1	GTAGAAAGTTCACCGG_11
human_ad_medulla	2584.1098417999547	1262	Late chromaffin cells	0.07256472111471345	0	0	GTAGAGGGTATGAAGT_11
human_ad_medulla	3012.8093196999994	1725	Late chromaffin cells	0.05065954522976512	0	0	GTAGCTACATAGATCC_11
human_ad_medulla	2982.510593000079	1629	Late SCPs	0.1639465861907123	3	3	GTAGGAGAGCATAGGC_11
human_ad_medulla	3428.9444658999614	2340	Late SCPs	0.03537001873495444	3	3	GTAGGTTAGTCGTTAC_11
human_ad_medulla	2890.540686200018	1560	Late SCPs	0.11475720842942894	3	3	GTAGTACAGGTAGACC_11
human_ad_medulla	3178.5839613000594	1923	Late chromaffin cells	0	0	0	GTCTAGAGTAACGCGA_11
human_ad_medulla	3139.085454399899	1920	Late chromaffin cells	0.17836974753751642	0	0	GTGAGCCTCATTGCCC_11
human_ad_medulla	3921.8456346202806	3081	Late SCPs	0.05051268470417007	3	3	GTGCACGAGGTTGACG_11
human_ad_medulla	2627.951098699989	1278	Late neuroblasts	0.09543548208490911	1	1	GTGCACGTCACAAGAA_11
human_ad_medulla	3298.2513244001175	2119	Late SCPs	0.07904586229414104	3	3	GTGCTGGTCAGATGCT_11
human_ad_medulla	2982.719298700071	1637	Late SCPs	0.23357736690262274	3	3	GTGTGATAGGAACGCT_11
human_ad_medulla	3621.4735561001135	2838	Late chromaffin cells	0.053031611863215505	0	0	GTTCATTCATGTCTAG_11
human_ad_medulla	3299.5453020000086	2050	Late SCPs	0.04134093867943494	3	3	GTTCCGTCATCACCAA_11
human_ad_medulla	2331.0334787999964	1037	Late chromaffin cells	0.09031742011203599	0	0	GTTGCTCAGGTGCTGA_11
human_ad_medulla	2712.3197665999614	1409	Late chromaffin cells	0	0	0	GTTTACTAGCTTGTGT_11
human_ad_medulla	3389.1164998999616	2226	Late neuroblasts	0	1	1	GTTTACTTCGGCCAAC_11
human_ad_medulla	3153.237039999951	1911	Late chromaffin cells	0	0	0	TAACCAGAGACAACAT_11
human_ad_medulla	2854.8627619999634	1541	Late chromaffin cells	0.23893651879859043	0	0	TAACCAGAGGGTTTCT_11
human_ad_medulla	3423.063209400048	2254	Late SCPs	0.07501908796040255	3	3	TAACTTCTCAGCTTGA_11
human_ad_medulla	3426.4497757999675	2308	Late SCPs	0.10740941910175116	3	3	TAAGCACCACTGGCCA_11
human_ad_medulla	3622.4005068001143	2421	Late SCPs	0.16560003204336485	3	3	TAAGCCAGTTCCTAAG_11
human_ad_medulla	3133.9171416000117	1837	Late SCPs	0	3	3	TAAGTCGAGGAGTATT_11
human_ad_medulla	3306.8557185001005	2080	Late chromaffin cells	0.04141417759288183	0	0	TACAACGTCGGAAGGT_11
human_ad_medulla	3494.83424719999	2591	Late chromaffin cells	0.04448003224317277	0	0	TACACCCCAGCTGAGA_11
human_ad_medulla	3288.901616200094	2136	Late chromaffin cells	0.11091417213673403	0	0	TACCGAAAGCTGCCAC_11
human_ad_medulla	3836.9806078000593	2974	Late SCPs	0.10449574834569843	3	3	TACCTCGCAGTATGAA_11
human_ad_medulla	3503.4638821001017	2527	Late chromaffin cells	0.22195929119550764	0	0	TACGGGCAGTGGTTGG_11
human_ad_medulla	3760.060064899886	2974	Late SCPs	0.07617780967752345	3	3	TACTTCAGTTCGAACT_11
human_ad_medulla	2852.8760049000625	1547	Late chromaffin cells	0.13458183227751244	0	0	TAGATCGCAGGCATTT_11
human_ad_medulla	3489.837141099933	2367	Late SCPs	0.06940123283909555	3	3	TAGCACAAGACGCCAA_11
human_ad_medulla	2561.318344100015	1250	Late SCPs	0	3	3	TAGGTACCAACCACGC_11
human_ad_medulla	2777.356391699987	1426	Late chromaffin cells	0.19295649690530947	0	0	TAGGTTGAGTAACCTC_11
human_ad_medulla	3010.1311444000853	1679	Late SCPs	0.19227951947434213	3	3	TAGGTTGGTCGTCGGT_11
human_ad_medulla	2927.9351996999826	1615	Late chromaffin cells	0.1296898647343388	0	0	TATACCTGTTGATCGT_11
human_ad_medulla	3363.413394700079	2199	Late SCPs	0.03833267424193534	3	3	TATTCCACAGATGCGA_11
human_ad_medulla	3356.018101199968	2150	Late chromaffin cells	0	0	0	TATTGCTCAATACCTG_11
human_ad_medulla	3771.8488970001354	2779	Late SCPs	0	3	3	TATTTCGGTGTCCGGT_11
human_ad_medulla	2705.943709800052	1408	Late neuroblasts	0	1	1	TCAAGCAGTTGCGAAG_11
human_ad_medulla	3085.4764067999326	1789	Late SCPs	0.21462899490676296	3	3	TCAAGTGTCAGGGTAG_11
human_ad_medulla	2967.2745804000633	1642	Late chromaffin cells	0.07375066717637405	0	0	TCAATTCAGCTGTTAC_11
human_ad_medulla	3004.995948299935	1768	Late chromaffin cells	0.6025428024368423	0	0	TCACAAGCAATCGCCG_11
human_ad_medulla	3897.4903553798777	3458	Late SCPs	0.07834386647769881	3	3	TCACACCAGCAGGCTA_11
human_ad_medulla	3296.257371400042	2042	Late SCPs	0.12646415404842762	3	3	TCACACCAGTTATGGA_11
human_ad_medulla	3253.8967463000467	2053	Late chromaffin cells	0.0404932670804085	0	0	TCACGGGGTGACATCT_11
human_ad_medulla	3749.6261456000675	2826	Neuroblasts	0.1405661070020224	1	1	TCCATCGAGAAATTCG_11
human_ad_medulla	3434.0451975001147	2304	Late chromaffin cells	0.036161454744509325	0	0	TCCATCGCAATACGAA_11
human_ad_medulla	3056.629927800089	1804	Late chromaffin cells	0.0964851182400935	0	0	TCCATGCCAGTGCCTG_11
human_ad_medulla	2512.620882400035	1177	Late chromaffin cells	0.15802814614066524	0	0	TCCGGGATCCTATTGT_11
human_ad_medulla	3513.4249500999463	2381	Late SCPs	0.1041866455663403	3	3	TCCTCTTAGTTCCGGC_11
human_ad_medulla	3532.4679394000577	2337	Late SCPs	0.21135856653430882	3	3	TCGCTCAGTGGGTCAA_11
human_ad_medulla	3473.1483768000476	2376	Late chromaffin cells	0.06941241025300406	0	0	TCGCTTGAGAGGTGCT_11
human_ad_medulla	2349.1070733999813	1059	Late neuroblasts	0.08708104552421533	1	1	TCGGGTGCAATAACGA_11
human_ad_medulla	2155.9727243999882	925	Late neuroblasts	0.3034872345994525	1	1	TCGTAGACAGGCGATA_11
human_ad_medulla	2957.316630499973	1652	Late chromaffin cells	0.05336544906025795	0	0	TCTAACTGTGGTGATG_11
human_ad_medulla	3464.1319409000307	2201	Late SCPs	0.07865355149527284	3	3	TCTCAGCTCGCATTGA_11
human_ad_medulla	3377.9183982998907	2185	Late SCPs	0.11463978531716461	3	3	TCTTAGTGTGTTAAAG_11
human_ad_medulla	3119.889325799955	1922	Late chromaffin cells	0.04461037731340477	0	0	TGAACGTAGTAATCCC_11
human_ad_medulla	2758.328012599938	1509	Late chromaffin cells	0.2549415467586713	0	0	TGAATCGTCATGGCCG_11
human_ad_medulla	3463.427076100119	2296	Late chromaffin cells	0.07218808264371626	0	0	TGACAGTGTGCCGAAA_11
human_ad_medulla	2622.476719499958	1286	Late SCPs	0.07171784542509187	3	3	TGACGCGTCGGTAAGG_11
human_ad_medulla	3349.122869300128	2234	Late neuroblasts	0.08958825689864888	1	1	TGACTCCAGTCGCTAT_11
human_ad_medulla	3006.633721199929	1792	Late chromaffin cells	0.04801640751317846	0	0	TGATCTTTCTTCGATT_11
human_ad_medulla	2958.8185399000786	1642	Late neuroblasts	0.10887582852947753	1	1	TGCACGGAGTGCAACG_11
human_ad_medulla	2974.6674603000765	1651	Late chromaffin cells	0.16071987755961528	0	0	TGCACGGGTAATGATG_11
human_ad_medulla	2749.3566424999303	1452	Late chromaffin cells	0.061049187801034535	0	0	TGCAGTAAGAGAACCC_11
human_ad_medulla	3313.2647264000466	2092	Late chromaffin cells	0.08302645961492229	0	0	TGCATGACACGGAAGT_11
human_ad_medulla	3452.3260884000333	2321	Late SCPs	0.0707455708835403	3	3	TGCGACGCAGGAGACT_11
human_ad_medulla	3073.715073600066	1841	Late chromaffin cells	0.06515203107796469	0	0	TGCTTGCGTAGATTGA_11
human_ad_medulla	2954.1502512000357	1644	Late SCPs	0.05383984444778673	3	3	TGGGATTGTCATCTAG_11
human_ad_medulla	2428.4220150000115	1143	Late chromaffin cells	0	2	2	TGGGCGTAGTGCTCAT_11
human_ad_medulla	3273.252556699881	2078	Late chromaffin cells	0.1616790121852253	0	0	TGGGCGTGTCCCTGTT_11
human_ad_medulla	3483.2096615999094	2427	Late SCPs	0	3	3	TGGGCTGGTCCACTCT_11
human_ad_medulla	3362.671831099941	2217	Late chromaffin cells	0.12950197696144364	0	0	TGGTAGTAGTGCACAG_11
human_ad_medulla	3146.168248800026	1876	Late chromaffin cells	0.12346806314257303	0	0	TGGTGATTCCGAGCTG_11
human_ad_medulla	3237.601040299894	2063	Late neuroblasts	0.09923924720824735	1	1	TGGTTAGGTTCGGGTC_11
human_ad_medulla	3415.4840501999197	2281	Late chromaffin cells	0.08992879354304742	0	0	TGTAAGCTCCTGTACC_11
human_ad_medulla	2716.5606804000176	1357	Late SCPs	0.22704714621326888	3	3	TGTCCACAGTATTAGG_11
human_ad_medulla	3575.7081471000124	2457	Late SCPs	0.06716610811617298	3	3	TGTGAGTGTCTTGCTC_11
human_ad_medulla	2840.6982424999715	1555	Late chromaffin cells	0.05686006615678103	0	0	TGTTCTATCTCATTTG_11
human_ad_medulla	2853.3269850999454	1521	Late chromaffin cells	0.09318507180861592	0	0	TGTTGAGTCGTTGTTT_11
human_ad_medulla	3777.3724763999585	2882	Late SCPs	0.04096313799254157	3	3	TTACCATAGCCTCTGG_11
human_ad_medulla	3138.1295872999535	1947	Late chromaffin cells	0.061476492487994853	0	0	TTACCGCAGTAGTGCG_11
human_ad_medulla	3208.173519199922	1912	Late SCPs	0.045139194975998324	3	3	TTAGTCTGTGTAAACA_11
human_ad_medulla	3196.136271799909	1937	Late chromaffin cells	0.08851108837130028	0	0	TTCAGGATCAAGGACG_11
human_ad_medulla	3343.6928640998867	2130	Late neuroblasts	0	1	1	TTCCACGGTAGACGGT_11
human_ad_medulla	3008.8109755999362	1746	Late chromaffin cells	0.1669783858388856	0	0	TTCCTTCTCGTCGATA_11
human_ad_medulla	2903.5644780999437	1576	Late neuroblasts	0.11288716419843102	1	1	TTCTAACAGATAGCTA_11
human_ad_medulla	3003.369160500084	1748	Late SCPs	0	3	3	TTGACCCGTGTTCAGT_11
human_ad_medulla	3186.3153616000327	1991	Late chromaffin cells	0.10230101951876948	0	0	TTGAGTGAGACATACA_11
human_ad_medulla	3270.8674416999415	2085	Late neuroblasts	0.09746896983214594	1	1	TTGAGTGTCCGCCTAT_11
human_ad_medulla	2713.849874499946	1410	Late neuroblasts	0.06276539155703523	1	1	TTGCATTAGATAGCTA_11
human_ad_medulla	2831.1484649000668	1555	Late chromaffin cells	0.05634432527212263	0	0	TTGGATGCACGTACAT_11
human_ad_medulla	3308.8005794000724	2064	Late SCPs	0	3	3	TTGTGGATCTGAGAGG_11
human_ad_medulla	3567.1817891998658	2718	Late neuroblasts	0.05587716348056072	1	1	TTGTTCACACTGTCCT_11
human_ad_medulla	3894.393379699779	3023	Late SCPs	0.07767444387534356	3	3	TTGTTCATCTCGGTAA_11
human_ad_medulla	3003.8408226999454	1767	Late chromaffin cells	0	0	0	TTTCGATGTGACGCCT_11
human_ad_medulla	3531.362059300043	2341	Late SCPs	0.10429814157118861	3	3	TTTGATCAGACTCTAC_11
human_ad_medulla	3187.065816800061	1993	Late chromaffin cells	0.1268902348574781	0	0	TTTGATCGTGATACCT_11
human_ad_medulla	1961.177918100006	805	Late neuroblasts	0.356012380904442	1	1	AACCATGTCCAACCAA_12
human_ad_medulla	2150.3149522000244	900	Late SCPs	0.10637634722577241	1	1	AAGGAGCAGAGATGAG_12
human_ad_medulla	2160.515237200026	951	Bridge	0	0	0	ACTATCTTCAAGGCTT_12
human_ad_medulla	2157.2628854999716	928	Late neuroblasts	0.2027875707408798	1	1	ACTATCTTCCCTCAGT_12
human_ad_medulla	2370.5920144999604	1088	Late chromaffin cells	0.08606997693065223	0	0	ATAAGAGTCTGTCTAT_12
human_ad_medulla	2141.6992188000404	917	Late SCPs	0.3102960369814874	3	3	ATAGACCTCACATGCA_12
human_ad_medulla	2268.7790746000296	994	Late chromaffin cells	0.23521977347842077	0	0	ATCACGATCGTTGACA_12
human_ad_medulla	1998.1780623999887	809	Late SCPs	0.23601109874741397	3	3	ATCGAGTGTAGGGACT_12
human_ad_medulla	2386.935207199983	1113	Late neuroblasts	0.2498649683497803	1	1	ATGAGGGCACCACGTG_12
human_ad_medulla	2139.3915825999816	917	Late neuroblasts	0.20647776853602537	1	1	ATTACTCCATACCATG_12
human_ad_medulla	2275.019269000037	1005	Late SCPs	0.37901396781531427	3	3	ATTGGACCATCTACGA_12
human_ad_medulla	1898.2640030000136	756	Late chromaffin cells	0.3071230656424115	0	0	CAGCATAGTGGCAAAC_12
human_ad_medulla	2137.1287459999694	923	Late neuroblasts	0.28462328305606377	1	1	CAGCTAATCTGAGTGT_12
human_ad_medulla	3505.942646199926	2309	Late neuroblasts	0	1	1	CATGCCTAGAAACCTA_12
human_ad_medulla	2076.9360896000067	857	Late chromaffin cells	0.4482266761416273	0	0	CGAGAAGGTACTTCTT_12
human_ad_medulla	1998.8018463999856	830	Late chromaffin cells	0.7522445122352128	0	0	CGAGAAGTCTGCTGCT_12
human_ad_medulla	2605.5071357000584	1281	Late chromaffin cells	0.14609558914054732	0	0	CGATGTATCCAAATGC_12
human_ad_medulla	1956.6446731000153	793	Late neuroblasts	0.12037779942273676	1	1	CTAACTTCAAGAGGCT_12
human_ad_medulla	2074.756714400023	878	Late SCPs	0.216394605152456	3	3	CTACGTCTCATCATTC_12
human_ad_medulla	2011.8160855999902	821	Late neuroblasts	0.34931292429268734	1	1	GACGCGTGTACCGTTA_12
human_ad_medulla	1885.71760149999	755	Late chromaffin cells	0.1595211816237595	0	0	GCGCAGTCATGGATGG_12
human_ad_medulla	2094.7335209999783	873	Late SCPs	0.32989670192994786	3	3	GGCTGGTGTGACGGTA_12
human_ad_medulla	2156.070152200022	911	Late SCPs	0.10489463887305775	3	3	GTGCAGCCATCCAACA_12
human_ad_medulla	2189.649125700025	954	Late chromaffin cells	0.2981533855527128	0	0	TACGGTAGTTCGGGCT_12
human_ad_medulla	2210.9647806000435	961	Late neuroblasts	0.19722952795369889	1	1	TCAGGATAGGAATTAC_12
human_ad_medulla	1926.8919721999869	782	Late chromaffin cells	0.24492246934900755	0	0	TGCGTGGTCCCGACTT_12
human_ad_medulla	1895.1346002000269	754	Late neuroblasts	0	1	1	TTAACTCCAAGGGTCA_12
human_ad_medulla	2139.8921344000346	933	Late neuroblasts	0.10004938873240271	1	1	AAAGCAAAGTGGAGAA_13
human_ad_medulla	2870.8929974999246	1589	Late neuroblasts	0	1	1	AACACGTAGCCAGAAC_13
human_ad_medulla	2156.509135700015	958	Late chromaffin cells	0.29627966300852226	0	0	AACGTTGGTGTAACGG_13
human_ad_medulla	2189.4515870999803	1003	Late chromaffin cells	0	0	0	AACTCAGCATACCATG_13
human_ad_medulla	3252.2611598000594	2241	Late SCPs	0.05595494982056965	3	3	AACTCCCTCGCGTAGC_13
human_ad_medulla	2741.785665899979	1466	Late SCPs	0.08345736242110309	1	1	AACTTTCCAAGCCATT_13
human_ad_medulla	1762.5472503000162	692	Late neuroblasts	0.1358926632799376	1	1	AAGTCTGGTGGTAACG_13
human_ad_medulla	2188.709299100011	1000	Late SCPs	0.09446808220946484	3	3	ACACCCTAGTCGTACT_13
human_ad_medulla	3415.7470695001302	2415	Late neuroblasts	0.10556723395001547	1	1	ACACCCTTCAGCGACC_13
human_ad_medulla	2149.6097834000293	977	Late neuroblasts	0.09443372539871986	1	1	ACAGCCGCAAACCCAT_13
human_ad_medulla	2090.1723597999944	889	Late neuroblasts	0	1	1	ACAGCCGGTGTCAATC_13
human_ad_medulla	2183.3316490999864	998	Late neuroblasts	0.09361243862527825	1	1	ACATACGGTAAATGAC_13
human_ad_medulla	2025.7937430999762	868	Late neuroblasts	0	1	1	ACATACGGTTCAGTAC_13
human_ad_medulla	2131.614727500013	921	Late neuroblasts	0	1	1	ACATGGTGTGTTGAGG_13
human_ad_medulla	2603.093404999995	1330	Late neuroblasts	0.09194300501867718	1	1	ACGATACAGAAACGAG_13
human_ad_medulla	2366.7159679999804	1141	Late neuroblasts	0.08033601098346989	1	1	ACGCCAGCACATCCAA_13
human_ad_medulla	2079.9888201000117	914	Late SCPs	0.2340711523519584	3	3	ACGCCAGCACTTAAGC_13
human_ad_medulla	2771.5233594000233	1531	Late neuroblasts	0	1	1	ACGCCGAAGTAGGTGC_13
human_ad_medulla	2726.529358799973	1443	Late chromaffin cells	0	0	0	ACGCCGAGTTGAGTTC_13
human_ad_medulla	2075.5391298000304	877	Late neuroblasts	0	1	1	ACGGGTCCATGCCACG_13
human_ad_medulla	1954.2587181999688	828	Late neuroblasts	0.3911547600535157	1	1	ACGGGTCGTCATATCG_13
human_ad_medulla	2182.6269985000304	939	Late SCPs	0.3313445955250287	3	3	ACTGATGCACCCATGG_13
human_ad_medulla	2164.4137902999623	954	Late neuroblasts	0	1	1	ACTGATGGTGATGCCC_13
human_ad_medulla	2443.8980187999928	1181	Late neuroblasts	0.07846013562143347	1	1	AGACGTTAGTTAACGA_13
human_ad_medulla	1974.3642911000172	819	Late neuroblasts	0	1	1	AGACGTTGTTATCGGT_13
human_ad_medulla	1972.8080173000253	813	Late SCPs	0.38319970994168484	3	3	AGAGTGGAGGACTGGT_13
human_ad_medulla	2101.316071600012	894	Late neuroblasts	0	1	1	AGAGTGGGTCCTGCTT_13
human_ad_medulla	1740.002653599981	693	Late neuroblasts	0.13586462038485397	1	1	AGCGGTCTCACCGTAA_13
human_ad_medulla	1876.35687999998	769	Late SCPs	0.15849879261774721	3	3	AGCTCTCTCACCCGAG_13
human_ad_medulla	1856.9770103000196	740	Late neuroblasts	0	1	1	AGCTCTCTCGAATGGG_13
human_ad_medulla	2490.670146599995	1249	Late SCPs	0	3	3	AGGGATGGTTACGCGC_13
human_ad_medulla	2246.370145900005	1105	Late chromaffin cells	0	0	0	AGGGTGACACATAACC_13
human_ad_medulla	2282.0336080999664	1059	Late neuroblasts	0.08808406646007404	1	1	ATAACGCCATGGGACA_13
human_ad_medulla	2521.905495499964	1274	Late SCPs	0.14296139987931006	3	3	ATCATCTTCGCGCCAA_13
human_ad_medulla	1995.2986383000389	836	Late neuroblasts	0.11346251415922474	1	1	ATCATCTTCTTGCAAG_13
human_ad_medulla	2385.7758231999824	1136	Late neuroblasts	0	1	1	ATCCGAAAGGCTATCT_13
human_ad_medulla	2079.355118899989	902	Late neuroblasts	0	1	1	ATGCGATTCGAACTGT_13
human_ad_medulla	2164.7443632000013	969	Late neuroblasts	0.19147506146512355	1	1	ATGGGAGTCTGTCTCG_13
human_ad_medulla	3045.6724103998804	1880	Late neuroblasts	0	1	1	ATTACTCGTGACTACT_13
human_ad_medulla	2320.7412249000176	1100	Late chromaffin cells	0	0	0	ATTCTACGTGCACTTA_13
human_ad_medulla	1849.3316464999855	757	Late neuroblasts	0	1	1	ATTGGACAGCCGATTT_13
human_ad_medulla	2241.1096122999897	1015	Late SCPs	0	3	3	ATTGGACTCGTTACAG_13
human_ad_medulla	1986.4924612999848	843	Late neuroblasts	0	1	1	ATTGGTGGTACAAGTA_13
human_ad_medulla	2060.0752008999707	889	Late SCPs	0	3	3	ATTTCTGGTACAGTTC_13
human_ad_medulla	1899.2690380000136	806	Late SCPs	0	3	3	CAACCTCTCGCACTCT_13
human_ad_medulla	1986.7142754000058	856	Late neuroblasts	0	1	1	CAACTAGAGCACAGGT_13
human_ad_medulla	2085.096822400008	902	Late neuroblasts	0.10364402155255961	1	1	CAAGAAAAGCAGCGTA_13
human_ad_medulla	2787.6439946999585	1556	Late neuroblasts	0	1	1	CAAGATCCATTACCTT_13
human_ad_medulla	2255.9612980999764	1043	Late neuroblasts	0.0887809999970682	1	1	CAAGGCCAGTACGTTC_13
human_ad_medulla	2045.8646227999745	863	Late neuroblasts	0	1	1	CACAGGCGTAATCGTC_13
human_ad_medulla	2350.8792776999876	1146	Late neuroblasts	0.39256751240025833	1	1	CACAGGCTCATGTCCC_13
human_ad_medulla	1993.1019320000241	854	Late SCPs	0.11067189111529961	3	3	CACCAGGTCACAAACC_13
human_ad_medulla	2132.9546975999942	940	Late SCPs	0	3	3	CACCTTGCATCATCCC_13
human_ad_medulla	2660.516953599949	1410	Late neuroblasts	0.06417595639410223	1	1	CAGAATCTCTCTGAGA_13
human_ad_medulla	2493.32078160004	1247	Late neuroblasts	0	1	1	CAGCAGCAGTGAACGC_13
human_ad_medulla	2089.7677625000088	911	Late SCPs	0.13374211001592043	3	3	CAGCAGCCACGGTAAG_13
human_ad_medulla	2050.193124900034	881	Late neuroblasts	0	1	1	CAGCATAAGCCCTAAT_13
human_ad_medulla	2008.3730875999736	853	Late neuroblasts	0.2203797704384285	1	1	CAGCGACTCCTGCCAT_13
human_ad_medulla	2401.5586176000074	1166	Late neuroblasts	0.07921084191153553	1	1	CAGCTGGAGATATACG_13
human_ad_medulla	2393.520943699961	1146	Late SCPs	0	3	3	CAGGTGCGTCGCCATG_13
human_ad_medulla	2621.392589999961	1345	Late chromaffin cells	0.23987675192139357	0	0	CATATGGCAGGAATGC_13
human_ad_medulla	2751.78295539999	1503	Late neuroblasts	0.12009554000306795	1	1	CATGGCGCAACACCTA_13
human_ad_medulla	2229.9480700999625	1076	Late chromaffin cells	0	0	0	CATTATCGTTAGGGTG_13
human_ad_medulla	2004.4031731000316	847	Late neuroblasts	0	1	1	CCAGCGAGTCAAACTC_13
human_ad_medulla	1770.565613300021	705	Late neuroblasts	0	1	1	CCCAATCGTACTTCTT_13
human_ad_medulla	1919.9005182000149	781	Late SCPs	0	3	3	CCCAGTTAGGACGAAA_13
human_ad_medulla	1918.7291973000108	780	Late SCPs	0	3	3	CCCATACTCTGTTTGT_13
human_ad_medulla	2695.924044699997	1417	Late neuroblasts	0	1	1	CCGGGATAGCTGGAAC_13
human_ad_medulla	2174.6189310000123	999	Late neuroblasts	0	1	1	CCGTTCACAGACGCCT_13
human_ad_medulla	1997.54814930001	876	Late neuroblasts	0	1	1	CCTAGCTTCACTTATC_13
human_ad_medulla	2553.7172336000635	1279	Late SCPs	0.07297426572842915	3	3	CCTAGCTTCCGCGCAA_13
human_ad_medulla	2287.2478358999842	1072	Late neuroblasts	0.08607329599791068	1	1	CCTTACGTCTTGGGTA_13
human_ad_medulla	2163.2752220999555	978	Late SCPs	0.09546739494363676	3	3	CCTTCCCAGCGTCTAT_13
human_ad_medulla	2297.976856700015	1073	Late SCPs	0.08606594945608649	3	3	CCTTCCCAGTTCGCGC_13
human_ad_medulla	1856.2650638999992	797	Late neuroblasts	0.11775942145931377	1	1	CCTTCCCCAAGGACTG_13
human_ad_medulla	1762.5303887999805	710	Late neuroblasts	0	1	1	CCTTTCTAGCGATAGC_13
human_ad_medulla	2348.83881089999	1097	Late SCPs	0.08404277427805373	3	3	CGAATGTAGTACCGGA_13
human_ad_medulla	2809.0759475000527	1619	Late SCPs	0.05489227877132614	3	3	CGACTTCAGGAATTAC_13
human_ad_medulla	2153.52866819997	921	Late chromaffin cells	0	0	0	CGATGTACACGGATAG_13
human_ad_medulla	2437.9076742999973	1192	Late chromaffin cells	0.17733678947630216	0	0	CGATTGAAGGCATGTG_13
human_ad_medulla	2081.0038335000377	907	Late neuroblasts	0	1	1	CGCCAAGTCCTAGTGA_13
human_ad_medulla	2869.3617210999128	1640	Late SCPs	0.05397165120772431	3	3	CGGGTCAGTACCGCTG_13
human_ad_medulla	2080.557771800001	915	Late neuroblasts	0	1	1	CGGTTAAAGTTACCCA_13
human_ad_medulla	2468.659003300024	1251	Late neuroblasts	0	1	1	CGTAGCGCAGCATACT_13
human_ad_medulla	2557.063005500002	1347	Late SCPs	0	3	3	CGTCCATCAAGCCCAC_13
human_ad_medulla	2748.8852345999658	1561	Late chromaffin cells	0.05666842618210261	0	0	CGTCTACAGGGCTCTC_13
human_ad_medulla	1996.5344641000231	864	Late neuroblasts	0.10813948563483629	1	1	CGTGAGCGTACCGGCT_13
human_ad_medulla	2336.1815098000175	1113	Late SCPs	0	3	3	CTAACTTAGCCGATTT_13
human_ad_medulla	1824.0491475000147	733	Late neuroblasts	0	1	1	CTAACTTAGTACACCT_13
human_ad_medulla	1795.6917654999922	728	Late neuroblasts	0	1	1	CTAAGACGTACAAGTA_13
human_ad_medulla	2009.7264310999908	854	Late neuroblasts	0	1	1	CTACACCCATCACAAC_13
human_ad_medulla	2416.920254399973	1173	Late neuroblasts	0	1	1	CTACGTCGTGTCAATC_13
human_ad_medulla	2054.2827371000094	901	Late neuroblasts	0	1	1	CTAGTGACAGTTCCCT_13
human_ad_medulla	1779.6076254999937	715	Late SCPs	0.13167857152453005	3	3	CTCATTAGTAGCACGA_13
human_ad_medulla	1988.7823604999885	839	Late neuroblasts	0	1	1	CTCATTATCGGTGTCG_13
human_ad_medulla	2325.39928640001	1066	Late SCPs	0	3	3	CTCGAAACAATAGCAA_13
human_ad_medulla	2296.5935548000352	1052	Late neuroblasts	0.08854032946970669	1	1	CTCGAGGGTAAGTGGC_13
human_ad_medulla	2150.9473975000165	960	Late chromaffin cells	0.0974112013355261	0	0	CTCGAGGTCTTGGGTA_13
human_ad_medulla	2549.417612200028	1273	Late neuroblasts	0.16771006364509783	1	1	CTCGGAGAGTATCTCG_13
human_ad_medulla	1973.5065634000237	826	Late chromaffin cells	0.11463719158360985	0	0	CTCGGGACACAGACTT_13
human_ad_medulla	3256.4124078999303	2121	Late SCPs	0.3148432174968872	1	1	CTCGTACCATGGTCAT_13
human_ad_medulla	2125.000356599982	924	Late neuroblasts	0	1	1	CTGATCCTCGATGAGG_13
human_ad_medulla	2033.1800757999872	850	Late chromaffin cells	0.5281492489431795	0	0	CTGCGGACATCGATTG_13
human_ad_medulla	1906.5304166999833	779	Late neuroblasts	0.12082081564620968	1	1	CTGCTGTAGTGGCACA_13
human_ad_medulla	2289.8669038000157	1086	Late neuroblasts	0	1	1	CTTCTCTTCAGTTAGC_13
human_ad_medulla	2339.6894102999877	1110	Late chromaffin cells	0.0830525749035575	0	0	CTTTGCGGTCGAATCT_13
human_ad_medulla	2370.920706899988	1189	Late chromaffin cells	0	0	0	GAAATGACAGCTCGAC_13
human_ad_medulla	2348.7028261999976	1101	Late chromaffin cells	0.11176234688860029	0	0	GAACATCGTCGGCATC_13
human_ad_medulla	1869.172068199981	744	Late neuroblasts	0.16227319312132393	1	1	GAACGGAAGATCCCAT_13
human_ad_medulla	2362.4919005000243	1137	Late chromaffin cells	0.08064411563048152	0	0	GAACGGATCAGAAATG_13
human_ad_medulla	1888.2172939999837	773	Late SCPs	0	3	3	GAATAAGAGTCCCACG_13
human_ad_medulla	2243.4184760000185	1052	Late chromaffin cells	0.17776834962644603	0	0	GACCAATCACGAAACG_13
human_ad_medulla	2843.738589199979	1560	Late SCPs	0.058238362917384726	3	3	GACGCGTGTTGGACCC_13
human_ad_medulla	2449.716614800061	1247	Late chromaffin cells	0	0	0	GACGGCTTCTCGGACG_13
human_ad_medulla	3085.165856399942	1823	Late SCPs	0	1	1	GACGTGCGTTCCGGCA_13
human_ad_medulla	2115.2321594999667	955	Late chromaffin cells	0.09820881318725205	0	0	GAGGTGAAGGCAATTA_13
human_ad_medulla	3520.99676380015	2526	Late chromaffin cells	0	0	0	GATCGCGCAGGTTTCA_13
human_ad_medulla	2444.014358800062	1173	Late SCPs	0	3	3	GATGAAACAGTATCTG_13
human_ad_medulla	2472.4741966999904	1206	Late neuroblasts	0.07539074836404366	1	1	GATTCAGCACATCTTT_13
human_ad_medulla	2163.3432696999794	969	Late SCPs	0	3	3	GCAAACTGTGTGGCTC_13
human_ad_medulla	2032.3048960999724	866	Late SCPs	0.10882100438000465	3	3	GCATACATCCACGTGG_13
human_ad_medulla	1914.6307921999896	796	Late neuroblasts	0.1183237211701213	1	1	GCATGATAGAGCTATA_13
human_ad_medulla	1817.6181555999854	731	Late neuroblasts	0.1639613628868191	1	1	GCCAAATGTATAGGTA_13
human_ad_medulla	2514.9804647000356	1276	Late neuroblasts	0	1	1	GCCAAATGTTAGAACA_13
human_ad_medulla	2587.1251153999738	1395	Late chromaffin cells	0	0	0	GCGACCATCTACTTAC_13
human_ad_medulla	1915.446577800008	779	Late neuroblasts	0.12159131593609879	1	1	GCGAGAATCGTACCGG_13
human_ad_medulla	2534.6421728999753	1285	Late neuroblasts	0.2818464585013403	1	1	GCGCAACCACTGTCGG_13
human_ad_medulla	1765.3424283999834	706	Late neuroblasts	0	1	1	GCGCCAATCGCTGATA_13
human_ad_medulla	1892.4422622000034	767	Late neuroblasts	0	1	1	GCTCTGTAGACCTTTG_13
human_ad_medulla	2451.542868700034	1235	Late neuroblasts	0.37760901178565925	1	1	GCTCTGTAGCTGCCCA_13
human_ad_medulla	2101.0692862999877	915	Late SCPs	0	3	3	GCTGCAGCATAAAGGT_13
human_ad_medulla	1937.7967950999782	797	Late neuroblasts	0	1	1	GCTTGAAGTTTGACTG_13
human_ad_medulla	2074.5543137000136	889	Late neuroblasts	0.4240642504225192	1	1	GGACAGACAAGCTGAG_13
human_ad_medulla	2184.01741969996	973	SCPs	0	3	3	GGACAGAGTTGCTCCT_13
human_ad_medulla	1990.8955005999767	821	Late SCPs	0.23132052880787216	3	3	GGACATTCAAATACAG_13
human_ad_medulla	2136.4221102000224	969	Late SCPs	0.22053285151401497	3	3	GGACATTCAATCGGTT_13
human_ad_medulla	2274.6970759999635	1071	Late SCPs	0	3	3	GGACATTCAGCAGTTT_13
human_ad_medulla	2135.492897899982	944	Late neuroblasts	0	1	1	GGATTACCAGTCAGCC_13
human_ad_medulla	2156.2811308000173	1002	Late chromaffin cells	0.09247606777786788	0	0	GGCAATTAGCGGCTTC_13
human_ad_medulla	2124.781269799984	919	Late chromaffin cells	0.1025165145683466	0	0	GGCGACTGTTACGTCA_13
human_ad_medulla	1971.4163790999753	841	Late SCPs	0.11258798615710597	3	3	GGCGACTTCATGCAAC_13
human_ad_medulla	2758.4779916000043	1518	Late neuroblasts	0	1	1	GGCGACTTCTGCCCTA_13
human_ad_medulla	2042.9687514999737	881	Late SCPs	0	3	3	GGCTGGTGTCTAGCGC_13
human_ad_medulla	2042.0515018999702	881	Late neuroblasts	0.10663577769580992	1	1	GGTGTTAGTATTCTCT_13
human_ad_medulla	2093.9387340999856	904	Late SCPs	0.10442656532354821	3	3	GTACTTTCACTGAAGG_13
human_ad_medulla	1842.8342412999882	771	Late chromaffin cells	0	0	0	GTACTTTTCCGAGCCA_13
human_ad_medulla	2020.5637835999746	851	Late chromaffin cells	0	0	0	GTATTCTGTTGAGGTG_13
human_ad_medulla	2422.6921246999837	1221	Late chromaffin cells	0.0755108947335413	0	0	GTCAAGTTCACTATTC_13
human_ad_medulla	2420.7998605000207	1169	Late neuroblasts	0.07816334720083663	1	1	GTCAAGTTCAGCTTAG_13
human_ad_medulla	2214.3182752999796	1009	Late neuroblasts	0.18508206546977946	1	1	GTCACAAAGGATTCGG_13
human_ad_medulla	3035.754348900089	1816	Late neuroblasts	0.09738893402462526	1	1	GTCACAACAGATCCAT_13
human_ad_medulla	2234.1356576999783	1059	Late SCPs	0.08830987470255705	3	3	GTCATTTGTGTCTGAT_13
human_ad_medulla	2031.0193540999826	859	Late SCPs	0	3	3	GTCCTCACAGTATAAG_13
human_ad_medulla	1879.8398254999872	750	Late SCPs	0	3	3	GTGCAGCGTCCGCTGA_13
human_ad_medulla	2191.4933423999883	997	Late neuroblasts	0	1	1	GTTCTCGTCAACACGT_13
human_ad_medulla	2243.502748400032	1189	Late chromaffin cells	0	0	0	TAAACCGTCCCAGGTG_13
human_ad_medulla	2283.26954040001	1041	Late SCPs	0.26506995310504133	3	3	TACACGAAGACGACGT_13
human_ad_medulla	2272.4010511999754	1121	Late chromaffin cells	0	0	0	TACCTATCATTGTGCA_13
human_ad_medulla	2574.450069899982	1314	Late neuroblasts	0.1401751714742015	1	1	TACGGGCAGAGGGCTT_13
human_ad_medulla	2548.326940799949	1273	Late SCPs	0.07183987151292752	3	3	TAGACCACATACTCTT_13
human_ad_medulla	2195.835186299953	1001	Late chromaffin cells	0.12263561112423813	0	0	TCAACGATCCAAGCCG_13
human_ad_medulla	2018.3190360000287	876	Late neuroblasts	0	1	1	TCACGAAAGCCCAACC_13
human_ad_medulla	2056.274883300014	896	Late chromaffin cells	0	0	0	TCAGATGAGGGCTCTC_13
human_ad_medulla	1872.4170666000302	751	Late SCPs	0	3	3	TCAGGTAGTCTGCGGT_13
human_ad_medulla	2261.5249634000015	1054	Late neuroblasts	0	1	1	TCATTACGTCCGCTGA_13
human_ad_medulla	2552.0967721000216	1264	Late neuroblasts	0.14625799620163113	1	1	TCCCGATGTCAGATAA_13
human_ad_medulla	2101.8040441999524	897	Late neuroblasts	0	1	1	TCGAGGCTCTCGATGA_13
human_ad_medulla	2070.5903564999817	891	Late neuroblasts	0.42364136259320395	1	1	TCGCGTTGTTGTACAC_13
human_ad_medulla	1950.2599685999799	818	Late chromaffin cells	0	0	0	TCGTACCCATTCTCAT_13
human_ad_medulla	2863.4845854000587	1614	Late neuroblasts	0.1304069181667446	1	1	TCTATTGCAAGTCTGT_13
human_ad_medulla	2244.767281400042	992	Late SCPs	0	3	3	TCTCTAAAGATCCGAG_13
human_ad_medulla	2042.6676571999722	888	Late SCPs	0.10452061511203475	3	3	TCTTTCCAGTACACCT_13
human_ad_medulla	2442.61802350002	1251	Late SCPs	0	3	3	TCTTTCCTCAGCTCTC_13
human_ad_medulla	2415.852661599979	1192	Late neuroblasts	0	1	1	TGAAAGATCTCAAACG_13
human_ad_medulla	3107.849161800053	1977	Late chromaffin cells	0.08750382848133095	0	0	TGACGGCCAAACTGTC_13
human_ad_medulla	1944.485461999994	815	Late neuroblasts	0	1	1	TGACTTTAGAAACCTA_13
human_ad_medulla	1894.8392943999738	764	Late neuroblasts	0.3125207513640467	1	1	TGAGGGACATGCCACG_13
human_ad_medulla	1984.342619399986	831	Late neuroblasts	0	1	1	TGCCAAATCGGAGGTA_13
human_ad_medulla	1857.5054291999902	757	Late neuroblasts	0	1	1	TGCGCAGCACGACGAA_13
human_ad_medulla	2239.846168099993	1015	Late neuroblasts	0	1	1	TGCGTGGAGCTTATCG_13
human_ad_medulla	2085.7091071999853	911	Late chromaffin cells	0.4407941197678472	0	0	TGCGTGGAGGCTCATT_13
human_ad_medulla	3010.8814966000073	1725	Late SCPs	0	1	1	TGCGTGGTCCGAGCCA_13
human_ad_medulla	2268.8129324000283	1041	Late SCPs	0	3	3	TGGACGCGTAAGTGGC_13
human_ad_medulla	1847.8752021999994	746	Late neuroblasts	0.12599230712269802	1	1	TGGCCAGAGCTGATAA_13
human_ad_medulla	2306.9935149000316	1093	Late neuroblasts	0	1	1	TGGCTGGCACGCCAGT_13
human_ad_medulla	2420.471171799965	1183	Late neuroblasts	0.07741265096772872	1	1	TGGTTCCAGGTGCTAG_13
human_ad_medulla	2199.996136999996	983	Late neuroblasts	0.1905356981997286	1	1	TGTATTCAGGATCGCA_13
human_ad_medulla	2213.001345500019	1058	Late chromaffin cells	0	0	0	TGTATTCAGGTACTCT_13
human_ad_medulla	2471.3596283999645	1251	Late neuroblasts	0.14520458935890787	1	1	TGTTCCGCAAGGTTCT_13
human_ad_medulla	2341.4690239999677	1117	Late chromaffin cells	0.0828802166549621	0	0	TTAACTCAGAAAGTGG_13
human_ad_medulla	1712.2651027999766	683	Late SCPs	0	3	3	TTAGTTCAGCCGTCGT_13
human_ad_medulla	2254.14091089997	1090	Late chromaffin cells	0.08387870478093212	0	0	TTAGTTCGTCAACTGT_13
human_ad_medulla	2063.3211444000253	987	Chromaffin cells	0	0	0	TTCCCAGCATGGAATA_13
human_ad_medulla	2588.3892463999664	1344	Late neuroblasts	0	1	1	TTCGGTCAGCCCGAAA_13
human_ad_medulla	2034.6305089999755	899	Late chromaffin cells	0	0	0	TTGCGTCCACCTTGTC_13
human_ad_medulla	2173.382791299991	983	Late chromaffin cells	0.5713058118295432	0	0	TTGGCAATCACGATGT_13
human_ad_medulla	2597.7727577999894	1357	Late neuroblasts	0	1	1	TTGTAGGTCAGCTCGG_13
human_ad_medulla	1920.133669600032	787	Late neuroblasts	0	1	1	TTTATGCAGGTCGGAT_13
human_ad_medulla	3267.1530447001205	1985	Late chromaffin cells	0.1799211980453627	0	0	AACCAACCAAATAAGC_14
human_ad_medulla	2859.589605700047	1497	Late SCPs	0.33104619212247144	3	3	AATGCCACAGGCGATA_14
human_ad_medulla	3183.93206750001	1882	Late SCPs	0.40988872008965865	3	3	ACAAGCTCAAGGTCAG_14
human_ad_medulla	2646.6259318999532	1298	Late SCPs	0.4508209284957248	3	3	ACAGAAAAGAACTTCC_14
human_ad_medulla	3493.444474000157	2308	Late neuroblasts	0.4086266464585965	1	1	AGACAAATCCTGGTCT_14
human_ad_medulla	3355.903266300056	2067	Late SCPs	0.2778785131754214	3	3	AGATAGAAGTGGGAAA_14
human_ad_medulla	2848.754557600037	1486	Late chromaffin cells	0.47139177940669014	0	0	AGCCAATAGCTAGATA_14
human_ad_medulla	2740.956206699955	1471	Late SCPs	0.1433768474809563	3	3	ATACCGAAGTCACTCA_14
human_ad_medulla	2337.4964958000032	1013	Late chromaffin cells	0.495518659420956	0	0	ATCCGTCGTTGGGAAC_14
human_ad_medulla	2126.450512599985	896	Late neuroblasts	0.36723474887981067	1	1	ATTCTTGCATGATCTG_14
human_ad_medulla	2437.382502700012	1131	Late SCPs	0.27364036184766555	3	3	CAAGACTGTAACATCC_14
human_ad_medulla	3311.9962948998973	2024	Late neuroblasts	0.2966774393779019	1	1	CATCCACGTACACGTT_14
human_ad_medulla	2456.5943350000025	1172	Late chromaffin cells	0.6702502552176561	0	0	CATGCAACAGGCGAAT_14
human_ad_medulla	3144.75104619995	1848	Late SCPs	0.24304077453875628	3	3	CATTGCCCACAGAAGC_14
human_ad_medulla	2754.4149155000196	1457	Late SCPs	0.2063589282796258	3	3	CCAATGACAACCAACT_14
human_ad_medulla	2401.482827400002	1127	Late neuroblasts	0.7354146862303723	1	1	CCCATTGTCGGAATGG_14
human_ad_medulla	3115.693757199949	1893	Bridge	0.48949075193147323	2	2	CCGGGTACAGTATGAA_14
human_ad_medulla	2959.911775499964	1628	Late SCPs	0.43715999602097455	3	3	CCGTGAGTCTTCCCAG_14
human_ad_medulla	3062.3457036999225	1775	Late chromaffin cells	0.21820933514875296	0	0	CCTCTAGAGGCATGCA_14
human_ad_medulla	2681.4715559999786	1366	Late chromaffin cells	0.40166823235174703	0	0	CCTCTAGTCTCGGGAC_14
human_ad_medulla	3336.811693499918	2112	Late SCPs	0.18802545292627118	3	3	CCTTTGGGTTCTGACA_14
human_ad_medulla	3193.5489696999316	1946	Late SCPs	0.30127494180569997	3	3	CGAGGCTCACGTATAC_14
human_ad_medulla	2069.541387500045	880	Late SCPs	0.7800498553692079	3	3	CGATGCGAGGCCATAG_14
human_ad_medulla	2937.4493834999616	1578	Late chromaffin cells	0.4558489407584433	0	0	CGTAGTAAGAATAACC_14
human_ad_medulla	3041.007270100002	1775	Late neuroblasts	0.48952853373186644	1	1	CGTCAAATCGTTACCC_14
human_ad_medulla	2740.3947864999486	1377	Late SCPs	0.6012701374696733	3	3	CGTGTCTGTATGCTAC_14
human_ad_medulla	2433.8861461999522	1126	Late SCPs	0.4615037403264471	3	3	CTCAGTCAGCAGTAAT_14
human_ad_medulla	2831.6262866999964	1469	Late SCPs	0.24856124669624147	3	3	GAAGCCCGTAGCGTCC_14
human_ad_medulla	3273.2048189000975	2015	Late SCPs	0.3851173757050717	3	3	GAATCGTTCCAAGCAT_14
human_ad_medulla	2612.215613600009	1282	Late neuroblasts	0.35731828381258735	1	1	GACCTTCCAATTCTCT_14
human_ad_medulla	3352.2462261000596	2172	Late neuroblasts	0.4276188750215071	1	1	GAGACCCTCCGTCACT_14
human_ad_medulla	2647.1614415000195	1304	Late SCPs	0.5711411046933644	3	3	GAGGGATAGGCCTGAA_14
human_ad_medulla	2150.535481400029	915	Late neuroblasts	0.5156158778083135	1	1	GCGAGAACATCGTCCT_14
human_ad_medulla	2376.8972797000283	1079	Late chromaffin cells	0.5404493584855798	0	0	GGAGATGTCTTCTAAC_14
human_ad_medulla	2583.1163063	1243	Late neuroblasts	0.40140119028755017	1	1	GGCAGTCAGGGTATAT_14
human_ad_medulla	2627.3808771000195	1294	Neuroblasts	0.45188863569353077	1	1	GGGCCATTCGCCAGTG_14
human_ad_medulla	2887.7132520999958	1555	Late SCPs	0.20909804308336188	3	3	GGGTATTGTGTGGACA_14
human_ad_medulla	3231.405645800117	1935	Late chromaffin cells	0.10928248530449082	0	0	GTACAGTTCATCGCAA_14
human_ad_medulla	2840.8958521999107	1508	Connecting progenitor cells	0.6698936846017406	0	0	GTATTTCTCGATACGT_14
human_ad_medulla	3312.5623422998938	2117	Late chromaffin cells	0.30619323810092836	0	0	GTGATGTAGGACGCTA_14
human_ad_medulla	2876.743263500046	1557	Late neuroblasts	0.350183616585354	1	1	GTGGCGTCAGACGGAT_14
human_ad_medulla	2926.5672144000296	1607	Late SCPs	0.4114608658482031	3	3	GTTCGCTTCGGACTGC_14
human_ad_medulla	2968.096009000053	1668	Late chromaffin cells	0.24382023957634957	0	0	TACCTCGTCTTTGCTA_14
human_ad_medulla	3109.084083600055	1799	Late SCPs	0.7012917313819674	3	3	TATTGGGGTAGACAGC_14
human_ad_medulla	3085.3068886999117	1741	Late SCPs	0.3582257421613333	3	3	TCACATTTCAGACTGT_14
human_ad_medulla	3121.7060309000417	1828	Late SCPs	0.29943848355589486	3	3	TCAGGGCTCATGCAGT_14
human_ad_medulla	3741.989668599851	2898	Late SCPs	0.36303649136164107	3	3	TCATTGTGTGTGGTCC_14
human_ad_medulla	2686.02339499994	1366	Late SCPs	0.3247381283512683	3	3	TCGCTCATCTAAGCGT_14
human_ad_medulla	3312.967386200092	2027	Late SCPs	0.6091383297058864	3	3	TCTTCCTGTGAGTGAC_14
human_ad_medulla	2307.1240028999864	1069	Late chromaffin cells	0.9106838589339061	0	0	TGCAGATGTTGACTGT_14
human_ad_medulla	2962.543425799951	1686	Late chromaffin cells	0.6122998313552789	0	0	TGCAGGCAGGCCCGTT_14
human_ad_medulla	3307.7376907998823	2029	Late SCPs	0.579008267592362	3	3	TGCGGGTGTCCGTACG_14
human_ad_medulla	2924.7301008999293	1606	Late neuroblasts	0.16641146813862973	1	1	TGCTCGTGTCTTGAAC_14
human_ad_medulla	3253.486849500051	1925	Late SCPs	0.36730658068700495	3	3	TGGATCACAAGACCGA_14
human_ad_medulla	2522.018836000013	1227	Late SCPs	0.46420738151853913	3	3	TGGGCGTCACAACGCC_14
human_ad_medulla	2442.524520700011	1122	Late SCPs	0.5352810949980954	3	3	TTACGTTAGGGAACAA_14
human_ad_medulla	2856.3501800999707	1583	Late SCPs	0.2644174706805613	3	3	TTCCACGAGCTAAGTA_14
human_ad_medulla	2263.4191860000233	1003	Late chromaffin cells	0.5519743217374967	0	0	TTCTTCCAGTCTGGTT_14
human_ad_medulla	2202.9000265000045	986	Late neuroblasts	0.09505717802940866	1	1	AAACGGGGTTTCCACC_15
human_ad_medulla	1896.1253911000194	792	Late neuroblasts	0.2385498354291804	1	1	AAAGCAACATCGACGC_15
human_ad_medulla	2990.306822300033	1711	Late SCPs	0.052322082414157575	3	3	AACCGCGTCACTTACT_15
human_ad_medulla	2120.267254000011	941	Late SCPs	0.10054053308508007	3	3	AACTCCCGTTCCACAA_15
human_ad_medulla	1883.844155700014	762	Late neuroblasts	0.1248011250233369	1	1	AACTCTTCACCAGGTC_15
human_ad_medulla	1928.0499413999871	789	Late neuroblasts	0.24116022620367336	1	1	AACTTTCCATCGATTG_15
human_ad_medulla	1943.5795260000384	821	Late neuroblasts	0.1139754031345953	1	1	AAGACCTAGATTACCC_15
human_ad_medulla	2408.8906471999835	1114	Late SCPs	0.3053938379706475	3	3	AAGGAGCGTCTCGTTC_15
human_ad_medulla	2021.8919065999723	839	Late SCPs	0.22769419992098713	3	3	AAGGTTCGTATAGTAG_15
human_ad_medulla	1825.6374259999895	751	Late neuroblasts	0.12447475975440553	1	1	AAGTCTGGTCCTAGCG_15
human_ad_medulla	3573.4448422001174	2556	Late neuroblasts	0.23712501449394055	1	1	AAGTCTGTCACATACG_15
human_ad_medulla	2095.8702276999584	955	Late SCPs	0.09813816107580375	3	3	AATCGGTAGCCCAATT_15
human_ad_medulla	1924.2706760999772	797	Late neuroblasts	0.11842028402253772	1	1	ACACCAATCAGGCCCA_15
human_ad_medulla	2267.3449268000013	1048	Late SCPs	0	3	3	ACACTGAGTTTGTTTC_15
human_ad_medulla	2904.2447731999564	1659	Late neuroblasts	0.10758069116045837	1	1	ACCAGTATCTGATACG_15
human_ad_medulla	2075.8824825999704	900	Late neuroblasts	0.10364849253437361	1	1	ACCTTTAGTTAAGAAC_15
human_ad_medulla	2107.918072499996	913	Late chromaffin cells	0.20582156662542717	0	0	ACGATGTAGAGGTACC_15
human_ad_medulla	2335.4243687999997	1109	Late SCPs	0	3	3	ACGATGTCAGTATGCT_15
human_ad_medulla	2127.479159800026	953	Late neuroblasts	0.19551697984157845	1	1	ACGCCGACAGCCTGTG_15
human_ad_medulla	2093.7009332999774	909	Late neuroblasts	0.10423785772307864	1	1	ACGGGCTTCGAATCCA_15
human_ad_medulla	1896.0906670999902	765	Late neuroblasts	0	1	1	ACGGGTCCACGAGGTA_15
human_ad_medulla	2291.056866899999	1063	Late neuroblasts	0.17591559852695343	1	1	ACTATCTGTACTTGAC_15
human_ad_medulla	3186.6516152999197	2022	Late SCPs	0.17278940608265303	3	3	ACTGATGGTGCAGTAG_15
human_ad_medulla	2032.1600234999862	853	Late neuroblasts	0.222505311969101	1	1	AGAGCTTAGATAGGAG_15
human_ad_medulla	2002.77185020001	833	Late neuroblasts	0.1138179568367886	1	1	AGCATACAGACTAGAT_15
human_ad_medulla	1928.2385058000198	782	Late neuroblasts	0.24448168552904706	1	1	AGCGGTCCAAAGGTGC_15
human_ad_medulla	2793.3889166999293	1521	Late SCPs	0.0598218776486793	3	3	AGCTCCTGTTGAGTTC_15
human_ad_medulla	2401.3394679000535	1191	Late neuroblasts	0.15321165745954957	1	1	ATCCGAAGTCTTTCAT_15
human_ad_medulla	2488.6668564000374	1269	Late chromaffin cells	0.1443293541183653	0	0	ATGTGTGCAGTCTTCC_15
human_ad_medulla	1803.9911277999834	725	Late neuroblasts	0.39284631120346386	1	1	ATTACTCAGACGCTTT_15
human_ad_medulla	1976.8192330999939	822	Late neuroblasts	0.23086376961454577	1	1	ATTCTACTCGTACGGC_15
human_ad_medulla	1910.0881767000058	778	Late neuroblasts	0.12184491943303244	1	1	ATTGGTGAGTTAACGA_15
human_ad_medulla	1816.262568000003	727	Late neuroblasts	0.1288340155893141	1	1	CAACCAAAGGAATTAC_15
human_ad_medulla	1967.655939300009	804	Late neuroblasts	0.2367300759733985	1	1	CAAGATCAGAAGCCCA_15
human_ad_medulla	2541.622653999952	1279	Late chromaffin cells	0.14447562442918285	0	0	CAAGTTGGTAAAGTCA_15
human_ad_medulla	2065.2157631000396	900	Late neuroblasts	0.10570941007747134	1	1	CACAAACGTATATGAG_15
human_ad_medulla	2061.183592700017	892	Late neuroblasts	0.10646238926856086	1	1	CACACCTTCACTTCAT_15
human_ad_medulla	1874.2169136999873	754	Late neuroblasts	0	1	1	CACAGTATCTTTAGGG_15
human_ad_medulla	2375.7950513999695	1141	Late neuroblasts	0.3231707716318252	1	1	CAGAGAGTCTCGATGA_15
human_ad_medulla	2248.0969754999933	1010	Late neuroblasts	0.09334096005948771	1	1	CAGCAGCAGTGGGATC_15
human_ad_medulla	2015.8938635999607	852	Late neuroblasts	0.1106149802955352	1	1	CAGCTAATCTCTTGAT_15
human_ad_medulla	2117.606409300024	929	Late neuroblasts	0.10029763749638723	1	1	CATGACAAGGGCTTCC_15
human_ad_medulla	2145.7756885000344	948	Late neuroblasts	0.1276785273821018	1	1	CATTATCCATAGACTC_15
human_ad_medulla	1857.3757255999894	753	Late neuroblasts	0.2539024245337659	1	1	CCAATCCTCTGCGGCA_15
human_ad_medulla	2012.2341921999862	840	Late neuroblasts	0	1	1	CCATGTCAGACAAGCC_15
human_ad_medulla	1876.33215139998	769	Late neuroblasts	0.12233530179010844	1	1	CCTACACGTAAGAGGA_15
human_ad_medulla	1885.5731999999807	790	Late neuroblasts	0.11841748705380532	1	1	CCTTCCCTCCGGGTGT_15
human_ad_medulla	2434.6046204000218	1146	Late neuroblasts	0.4527186265747342	1	1	CGAACATAGTACGTTC_15
human_ad_medulla	2625.350614299993	1336	Late neuroblasts	0.0689069867524096	1	1	CGACCTTGTTAAGACA_15
human_ad_medulla	1948.017617699989	800	Late neuroblasts	0.11908856362084909	1	1	CGGACTGCAGGTCTCG_15
human_ad_medulla	1889.8024865999714	754	Late neuroblasts	0	1	1	CGTCCATTCGAATGGG_15
human_ad_medulla	1857.3584092000253	751	Late chromaffin cells	0.12667339746308603	0	0	CGTGAGCCACACATGT_15
human_ad_medulla	2026.278002499983	886	Late chromaffin cells	0.10671972934276665	0	0	CGTGAGCTCATAACCG_15
human_ad_medulla	1949.1476127999863	789	Late chromaffin cells	0	0	0	CGTTAGAAGAGCTATA_15
human_ad_medulla	2143.0116667999805	947	Late chromaffin cells	0	0	0	CGTTAGATCTCCTATA_15
human_ad_medulla	2544.975162099943	1302	Late neuroblasts	0.2103319584299262	1	1	CTAACTTCATCGACGC_15
human_ad_medulla	2456.191122499993	1160	Late SCPs	0.32367101758385347	3	3	CTAGTGATCGCAAGCC_15
human_ad_medulla	3388.878839199877	2299	Late SCPs	0.07617934197404144	3	3	CTCCTAGGTTCAGGCC_15
human_ad_medulla	2158.9373967000024	967	Late neuroblasts	0	1	1	CTCGAAACATCACGTA_15
human_ad_medulla	2509.6743610999547	1228	Late SCPs	0	3	3	CTGAAACTCGCTTGTC_15
human_ad_medulla	2155.0693523999953	966	Late neuroblasts	0.09737019821023948	1	1	CTTACCGAGAGGTAGA_15
human_ad_medulla	2152.4115337999933	967	Late neuroblasts	0.0955878356759996	1	1	CTTTGCGAGCACAGGT_15
human_ad_medulla	2751.3806759000054	1481	Late chromaffin cells	0.06070977072097117	0	0	GACGCGTCACCGAATT_15
human_ad_medulla	2178.914676399955	984	Late SCPs	0	3	3	GACTACATCCGCGCAA_15
human_ad_medulla	1978.883894500026	808	Late neuroblasts	0	1	1	GACTGCGTCCAGGGCT_15
human_ad_medulla	1868.298591700009	747	Late neuroblasts	0.25382025234440886	1	1	GATGCTACAAGACGTG_15
human_ad_medulla	1946.593554999978	810	Late neuroblasts	0.11686071774752307	1	1	GCAAACTGTCAACTGT_15
human_ad_medulla	2185.796543599981	994	Late chromaffin cells	0.33857551937616964	0	0	GCAATCATCACAACGT_15
human_ad_medulla	1837.9692601000131	748	Late SCPs	0	3	3	GCATGCGCATCCTTGC_15
human_ad_medulla	2104.230004200024	905	Late neuroblasts	0.104861288718239	1	1	GCGCAACAGCGAAGGG_15
human_ad_medulla	1866.9104739999925	763	Late neuroblasts	0.12412957301775839	1	1	GCGCAACTCGGAAATA_15
human_ad_medulla	2338.565865399986	1114	Late neuroblasts	0.08313632849795602	1	1	GCGCAGTCATGTAAGA_15
human_ad_medulla	2167.332294000034	958	Late chromaffin cells	0.19805610851106217	0	0	GCTGCTTCACGACGAA_15
human_ad_medulla	2031.8887118000205	869	Late neuroblasts	0.2789489880564798	1	1	GCTGCTTGTCAATACC_15
human_ad_medulla	2190.8051024000124	984	Late neuroblasts	0.6567319103026714	1	1	GGAATAACATTAACCG_15
human_ad_medulla	1935.6557975999863	813	Late neuroblasts	0.14963348357653383	1	1	GGATGTTGTCGGGTCT_15
human_ad_medulla	2551.6400856999758	1335	Late neuroblasts	0.06739655837975443	1	1	GGATTACTCAATCTCT_15
human_ad_medulla	2692.1296783000785	1404	Late SCPs	0	3	3	GGATTACTCACTTACT_15
human_ad_medulla	2826.5815041999554	1601	Late neuroblasts	0.055215651757466296	1	1	GGCAATTGTAGTACCT_15
human_ad_medulla	2125.2532780999877	933	Late neuroblasts	0	1	1	GGCGACTTCGCTTAGA_15
human_ad_medulla	2114.3183393000086	937	Late neuroblasts	0.2290849920737847	1	1	GGGAATGGTCATCGGC_15
human_ad_medulla	2557.1448019000572	1298	Late neuroblasts	0.07036359844241324	1	1	GGGAATGGTCGATTGT_15
human_ad_medulla	2239.4171955999914	1067	Late SCPs	0	3	3	GGGAGATGTGCGGTAA_15
human_ad_medulla	3566.205548399937	2740	Late neuroblasts	0	1	1	GGGTTGCCATTTCACT_15
human_ad_medulla	2085.0749866000356	906	Late neuroblasts	0.104402197234625	1	1	GTAACTGTCGAGAGCA_15
human_ad_medulla	2023.2609670000336	837	Late chromaffin cells	0.22818265539147942	0	0	GTCAAGTGTTAAGAAC_15
human_ad_medulla	2106.262155399978	928	Late neuroblasts	0	1	1	GTCCTCATCATTATCC_15
human_ad_medulla	1995.783432599999	847	Late neuroblasts	0.11136018887102576	1	1	GTCTCGTTCCGTTGCT_15
human_ad_medulla	1898.7969371000142	769	Late neuroblasts	0.12345783028174984	1	1	GTGCAGCCACAGGCCT_15
human_ad_medulla	1997.483633800012	859	Late chromaffin cells	0	0	0	GTGGGTCCATTGTGCA_15
human_ad_medulla	1881.3057234000294	773	Late neuroblasts	0.12226871854952037	1	1	GTTACAGTCATCACCC_15
human_ad_medulla	2443.5108746999535	1197	Late neuroblasts	0	1	1	TAAGCGTCACCAGTTA_15
human_ad_medulla	2193.6881104000095	1006	Late neuroblasts	0.21384498451535117	1	1	TACCTATCATCAGTCA_15
human_ad_medulla	2366.488849300049	1092	Late SCPs	0.08536916624802784	3	3	TACGGTAAGGGAGTAA_15
human_ad_medulla	2179.222189800023	961	Late neuroblasts	0	1	1	TACGGTAGTGTGAAAT_15
human_ad_medulla	1888.3095386000084	790	Late neuroblasts	0.24143435738719302	1	1	TACTTGTCAGCTCGCA_15
human_ad_medulla	1909.2667764000269	784	Late SCPs	0.12120337129436093	3	3	TAGACCATCTGGCGAC_15
human_ad_medulla	2028.4136799000094	862	Late chromaffin cells	0.10917277979061761	0	0	TAGAGCTAGTATCTCG_15
human_ad_medulla	2036.1595664000304	854	Late SCPs	0.2235944900943757	3	3	TAGTTGGGTATAATGG_15
human_ad_medulla	3173.9989164000635	2026	Late neuroblasts	0.10354091751636157	1	1	TATCAGGAGTACGCCC_15
human_ad_medulla	1903.6792114999835	786	Late neuroblasts	0	1	1	TATCAGGCAGCTCCGA_15
human_ad_medulla	2119.0958393000174	960	Late SCPs	0.1952567941130385	3	3	TATCAGGGTGCAGACA_15
human_ad_medulla	1777.3543747999931	717	Late neuroblasts	0	1	1	TCCCGATGTATCACCA_15
human_ad_medulla	1912.2627108999866	798	Late neuroblasts	0.11731250560987007	1	1	TCTCATATCGATCCCT_15
human_ad_medulla	3127.089836799958	2000	Late neuroblasts	0.3207813022175639	1	1	TCTCATATCTTCCTTC_15
human_ad_medulla	2091.5450504000037	947	Late SCPs	0.09914621727145735	3	3	TCTGGAAGTCGACTGC_15
human_ad_medulla	1853.4494867000103	787	Late SCPs	0.12075154009105414	3	3	TCTTCGGAGTAACCCT_15
human_ad_medulla	2603.972132200035	1366	Late neuroblasts	0.19992324555338534	1	1	TCTTTCCAGCCCAATT_15
human_ad_medulla	2412.687238600048	1158	Late neuroblasts	0	1	1	TGACGGCGTTGTTTGG_15
human_ad_medulla	2564.3819172999674	1332	Late neuroblasts	0.17635462056141904	1	1	TGAGGGATCCCTAACC_15
human_ad_medulla	2213.318864399958	1025	Late chromaffin cells	0.09024185498647024	0	0	TGCTGCTCAGACGCAA_15
human_ad_medulla	2350.5507578000384	1117	Late SCPs	0	3	3	TGGCTGGAGGCCCTTG_15
human_ad_medulla	1948.7976036000039	783	Late neuroblasts	0.12212193280634201	1	1	TGGGAAGAGATCTGAA_15
human_ad_medulla	2242.135477799983	989	Late neuroblasts	0.18951200951377373	1	1	TGTGGTAAGAGCTGGT_15
human_ad_medulla	2478.3467251000015	1271	Late neuroblasts	0.21678886757797006	1	1	TGTGGTAAGGCGATAC_15
human_ad_medulla	2168.3207078000373	961	Late SCPs	0.19560523425998372	3	3	TGTGTTTAGTTAAGTG_15
human_ad_medulla	2674.983502199966	1383	Late SCPs	0.06704445461159086	3	3	TGTGTTTTCCTTGACC_15
human_ad_medulla	2195.15595480003	976	Late SCPs	0	3	3	TTAGGACAGAGATGAG_15
human_ad_medulla	1911.7802274000035	776	Late neuroblasts	0	1	1	TTCGAAGGTCGGCACT_15
human_ad_medulla	2121.9787837000363	948	Late neuroblasts	0.5282039050577247	1	1	TTCTTAGGTGTTAAGA_15
human_ad_medulla	2450.490226800015	1245	Late chromaffin cells	0.1741433184809131	0	0	TTGCCGTAGAAACCAT_15
human_ad_medulla	2109.8588046000355	941	Late SCPs	0.9238054583323125	3	3	TTGTAGGAGAGGACGG_15
human_ad_medulla	1796.7969699000116	723	Late SCPs	0.16792743145420086	3	3	TTTGCGCCAAACCTAC_15
human_ad_medulla	3027.332500699954	1793	Late neuroblasts	0.0476636213454048	1	1	AAACCCAAGCGTTAGG_16
human_ad_medulla	3294.384432099937	2076	Late SCPs	0.3778686293774463	3	3	AACTTCTAGCGTCAGA_16
human_ad_medulla	3465.593033800046	2315	Late SCPs	0.40074935125234074	0	0	AAGACAAAGGCTTTCA_16
human_ad_medulla	3291.0779214999257	2162	Late neuroblasts	0.03830037240277565	1	1	AAGCGAGTCATGCGGC_16
human_ad_medulla	2504.276934199962	1213	Late neuroblasts	0.34999070910662117	1	1	AAGGTAATCAGCGCGT_16
human_ad_medulla	3165.9706785999733	2004	Late neuroblasts	0.08366831752122791	1	1	ACACAGTGTACGTTCA_16
human_ad_medulla	2719.42397950004	1419	Late neuroblasts	0.27397606464328417	1	1	ACAGGGACAGGCACAA_16
human_ad_medulla	2884.8198136999613	1609	Late neuroblasts	0.2398658511404585	1	1	ACCAACAGTGAGAGGG_16
human_ad_medulla	3397.662854099958	2275	Late SCPs	0.2659857757544924	3	3	AGACAGGGTAGTAAGT_16
human_ad_medulla	3037.8720636999597	1787	Late neuroblasts	0.11569736731175059	1	1	ATCATTCGTCGTCATA_16
human_ad_medulla	2835.122091199983	1524	Late SCPs	0.30724025702586827	3	3	ATGACCAAGGAGAGTA_16
human_ad_medulla	3358.6578119000487	2127	Late SCPs	0.2041144285586428	3	3	ATTTCTGAGGGCATGT_16
human_ad_medulla	3978.8006264600576	3735	Late chromaffin cells	0.10194229067488356	0	0	CATAAGCTCGATGGAG_16
human_ad_medulla	3116.3055987999037	1852	Late neuroblasts	0.11115416926163971	1	1	CATCCACTCAGGGATG_16
human_ad_medulla	3217.522197899887	1963	Late SCPs	0.3500797013102837	3	3	CGCCAGAAGAAGCGAA_16
human_ad_medulla	3386.6474111998937	2254	Late SCPs	0.10949355069372851	3	3	CTACGGGGTCATCACA_16
human_ad_medulla	3388.366499600091	2325	Late neuroblasts	0.06921819703614734	1	1	CTCCTTTAGGCCACTC_16
human_ad_medulla	2712.2662749000124	1420	Late SCPs	0.20898617707470335	3	3	CTCGAGGTCCATTCGC_16
human_ad_medulla	2885.8646139999782	1596	Late neuroblasts	0.1876423818958834	1	1	CTGTCGTTCGTGTCAA_16
human_ad_medulla	2604.960169199998	1360	Late neuroblasts	0.32094736414213915	1	1	CTTCTAAGTCACCGAC_16
human_ad_medulla	3553.8902665999135	2541	Late neuroblasts	0.11894119072067197	1	1	GAAGTAATCAGTGCGC_16
human_ad_medulla	3656.770532200131	2756	Late neuroblasts	0.1405544716230148	1	1	GACATCAGTATGGAAT_16
human_ad_medulla	2884.111257500021	1653	Late neuroblasts	0.12373447767383759	1	1	GAGAGGTAGGTCGCCT_16
human_ad_medulla	2985.647678799937	1750	Late chromaffin cells	0.19485230093653752	0	0	GAGGGATTCTCCGAAA_16
human_ad_medulla	2278.046300899997	994	Late neuroblasts	0.5061194496110523	1	1	GAGGGTAAGCAAGTGC_16
human_ad_medulla	3104.804622800034	1919	Late neuroblasts	0.25353409171688746	1	1	GTAAGTCAGAAGATCT_16
human_ad_medulla	2741.916433200072	1461	Late neuroblasts	0.24470439429728658	1	1	GTAGGTTCAACACGTT_16
human_ad_medulla	3678.616514200044	3122	Late neuroblasts	0.24651274643592452	1	1	GTGTGGCGTTTAGTCG_16
human_ad_medulla	2979.5073336000387	1739	Late neuroblasts	0.26741876115380525	1	1	GTTGCTCTCAAGAAAC_16
human_ad_medulla	3520.1365273999295	2412	Late SCPs	0.33979171565924526	3	3	TAATTCCTCAGACATC_16
human_ad_medulla	3058.923848299917	1807	Late neuroblasts	0.11457816453809151	1	1	TAGGGTTAGTGTCATC_16
human_ad_medulla	2895.231197700079	1617	Late chromaffin cells	0.21766053104864372	0	0	TCATTCAAGAATCTAG_16
human_ad_medulla	2996.7596448999775	1701	Late neuroblasts	0.12281787117174175	1	1	TCGAAGTCAAGATCCT_16
human_ad_medulla	3633.353414700016	2611	Late chromaffin cells	0.16826253056653892	0	0	TCGCACTCAATGGGTG_16
human_ad_medulla	3954.870966999881	3273	Late SCPs	0.1774583231301718	0	0	TCGGGACCACTTACAG_16
human_ad_medulla	3303.4717136998715	2108	Late chromaffin cells	0.19364496367475734	0	0	TGCATCCGTTGCCGAC_16
human_ad_medulla	2998.8230355000205	1877	Late chromaffin cells	0.1507259063469992	0	0	TGGGAAGAGCCATATC_16
human_ad_medulla	3310.915378100059	2319	Late neuroblasts	0.1263943387886107	1	1	TGGTGATTCGATCCCT_16
human_ad_medulla	3519.782371200068	2351	Late SCPs	0.16721294044078444	3	3	TGTCCACGTTAAACAG_16
human_ad_medulla	3240.807351400092	2077	Late neuroblasts	0.21738286593791017	1	1	TTACCGCAGATGATTG_16
human_ad_medulla	3576.4056414999773	2508	Late SCPs	0.14614435340751414	3	3	TTAGGCAAGACATCAA_16
human_ad_medulla	2091.9142255999595	869	Bridge	1.0562304433712164	3	3	TTGTTCATCTCATTGT_16
human_ad_medulla	2353.852643199987	1089	Late chromaffin cells	0.2555495229226605	0	0	AACCTGAGTTCTCCTG_17
human_ad_medulla	3078.5615190999333	1776	Late SCPs	0	3	3	AAGACTCTCTTTCGAT_17
human_ad_medulla	3157.5770624000043	1965	Late chromaffin cells	0.2453400897874469	0	0	ACTGTGACATGTTCAG_17
human_ad_medulla	2248.3798944999817	971	Late chromaffin cells	0.29055020977461654	0	0	AGGGCCTGTCGAAGCA_17
human_ad_medulla	2552.864139499999	1223	Late SCPs	0.22544990588990965	3	3	AGGTAGGGTGGAGGTT_17
human_ad_medulla	2787.0845473000086	1499	Late neuroblasts	0.11879518341872547	1	1	AGTTCGATCGAACACT_17
human_ad_medulla	2577.896071700039	1281	Neuroblasts	0.32485383689177816	2	2	ATGGATCGTCGCACAC_17
human_ad_medulla	2984.706439000058	1662	Late SCPs	0.15939871130488448	3	3	ATTGGGTGTGGTCAAG_17
human_ad_medulla	3092.602389899913	1952	Late chromaffin cells	0	0	0	CACATGACATGGCCCA_17
human_ad_medulla	3084.9944422000285	1926	Late chromaffin cells	0.161220180236471	0	0	CACGTTCCACAGAGCA_17
human_ad_medulla	2158.8670188000074	933	Late neuroblasts	0.4290036032487083	1	1	CAGCAATGTCATACCA_17
human_ad_medulla	2046.2067865999902	839	Late chromaffin cells	0.1132528743026314	0	0	CCTACGTCAAGCTACT_17
human_ad_medulla	2391.779471599942	1070	Late SCPs	0.2639912657071303	3	3	CGAGTTAAGGGCGAAG_17
human_ad_medulla	2186.6041143000202	934	Late chromaffin cells	0.33064231667351585	0	0	CGCAGGTGTAGCTGAG_17
human_ad_medulla	3369.25690109992	2308	Late chromaffin cells	0.19145383950669245	0	0	CTACTATTCAACCGAT_17
human_ad_medulla	2924.9941580000445	1591	Late SCPs	0.19042167263022328	3	3	CTATCCGGTCCTTGTC_17
human_ad_medulla	2164.1497179000244	905	Late chromaffin cells	0.41673623249833935	0	0	CTCCTTTCAATGAGCG_17
human_ad_medulla	3151.0519996999515	2045	Late chromaffin cells	0.1967005368553168	0	0	CTGTATTGTGACATCT_17
human_ad_medulla	2179.625845600023	944	Late SCPs	0.1985479484350979	3	3	GAAGGACCAGGATTCT_17
human_ad_medulla	3253.0881159999567	2084	Late chromaffin cells	0.16045493432309071	0	0	GACCGTGAGACCTCCG_17
human_ad_medulla	2048.7329601000038	829	Late chromaffin cells	0.22843035628086744	0	0	GAGTTTGAGACCATAA_17
human_ad_medulla	2379.5561640000356	1088	Late SCPs	0	3	3	GATGATCGTGTTAGCT_17
human_ad_medulla	2207.524618599995	952	SCPs	0.4516962264422568	3	3	GGGTGAAAGAGGACTC_17
human_ad_medulla	2704.6149451999986	1355	Late chromaffin cells	0.6670577611063927	0	0	GGTTGTAGTACCTAAC_17
human_ad_medulla	2882.845660100001	1536	Late SCPs	0.13662660663780982	3	3	GTCGAATTCAGTCACA_17
human_ad_medulla	2002.4137740999795	818	Late SCPs	0.11668817055806649	3	3	GTTGCGGAGCATGTTC_17
human_ad_medulla	2147.2106061000045	891	Late chromaffin cells	0	0	0	TACCGGGAGCTGTGCC_17
human_ad_medulla	2899.7665140999507	1614	Late chromaffin cells	0.10912365477060372	0	0	TCAAGTGGTTTCGTTT_17
human_ad_medulla	2425.974909199966	1150	Late SCPs	0.24048613519766243	3	3	TCAATTCAGGATTCAA_17
human_ad_medulla	1918.2365890000297	772	Late neuroblasts	0	1	1	TCCAGAACAGGTGTTT_17
human_ad_medulla	2366.8426767	1094	Late chromaffin cells	0.4351889672008634	0	0	TGCAGATAGTCCCAAT_17
human_ad_medulla	2512.5288718999955	1227	Neuroblasts	0.319791636620039	1	1	TTCCGGTTCGGTAGGA_17
human_ad_medulla	2712.978470800008	1404	Late SCPs	0.35687172987941174	3	3	TTGTTGTCAGAAATCA_17
